Workbook
Name DadosExternos_1: Orçado!$A$1
Name ListaClientes: [1]!Clientes[Cliente]
Name ListaCT: [1]!CTs[CT]
Name ListaÍndice: [1]!Índices[Índice]
Name ListaProduto: [1]!Produtos[Produto]
Name ListaProdutoClasse: [1]!Produtos[CLASSE]
Name ListaProdutos: [1]!Produtos[#Data]
Name ListaServiço: [1]!Serviços[Serviço]

Sheet Lista de Produtos CLASSIFICAÇÃO
A1: Produtos | B1: Grupo | C1: Densidade M³ | I1: Grupo dados | L1: Aquecidos | M1: Biocombustíveis | N1: Derivados | O1: Metanol | P1: Óleo Vegetal | Q1: Outros
A2: ÁCIDO GRAXO | B2: Outros | C2: 0.9 | I2: Aquecidos | L2: BIODIESEL DE SEBO | M2: ALCOOL ETILICO ANIDRO | N2: AROMATICO PESADO | O2: ALCOOL METILICO | P2: BYPASS | Q2: ALIMET
A3: ACOSTAGEM | B3: Acostagem | C3: 0 | I3: Biocombustíveis | L3: ESTEARINA DE PALMA RBD | M3: ALCOOL ETILICO HIDRATADO | N3: DERIVADOS | O3: METANOL | P3: OLEO DE ALGODAO | Q3: DESAFIO
A4: ACOSTAGEM | B4: Outros | C4: 0.92 | I4: Derivados | L4: ESTEARINA DE PALMISTE | M4: BIODIESEL | N4: DERIVADOS DE PETRÓLEO | O4: METHANOL | P4: OLEO DE GIRASSOL | Q4: DIETILENO GLICOL
A5: ÁGUARRAS MINERAL | B5: Outros | C5: 0.79 | I5: Metanol | L5: MELAÇO DE CANA | M5: ETANOL | N5: DIESEL | P5: ÓLEO DE GIRASSOL | Q5: DIETILENO GLICOL (DEG)
A6: ALCOOL ETILICO ANIDRO | B6: Biocombustíveis | C6: 0.8 | I6: Óleo Vegetal | L6: OLEINA DE PALMA | N6: DIESEL S10 | P6: OLEO DE MILHO | Q6: FERTILIZANTE LIQUIDO
A7: ALCOOL ETILICO HIDRATADO | B7: Biocombustíveis | C7: 0.8 | I7: Acostagem | L7: OLEO DE PALMA | N7: DIESEL S500 | P7: OLEO DE MILHO BRUTO DEGOM | Q7: FERTILIZANTE LIQUIDO (UAN
A8: ALCOOL METILICO | B8: Metanol | C8: 0.79 | I8: Soda Caustica | L8: ÓLEO DE PALMA | N8: FERRO | P8: OLEO DE SOJA BRUTO | Q8: GLICERINA
A9: ALIMET | B9: Outros | C9: 1.3 | I9: Outros | L9: OLEO DE PALMA BRUTO | N9: GASOLINA | P9: OLEO DE SOJA BRUTO DEGOMA | Q9: LISINA
A10: AROMATICO PESADO | B10: Derivados | C10: 0.7 | L10: OLEO DE PALMISTE | N10: MTBE | P10: OLEO DE SOJA REFINADO | Q10: METILATO DE SÓDIO
A11: BIODIESEL | B11: Biocombustíveis | C11: 0.86 | L11: ÓLEO DE PALMISTE | N11: NAFTA | P11: OLEO DE CANOLA | Q11: METILATO DE SODIO 30%
A12: BIODIESEL DE SEBO | B12: Aquecidos | C12: 0.9 | L12: OLEO DE PALMISTE BRUTO | N12: NAFTA BAIXA OCTANAGEM | P12: ÓLEO DE SOJA REFINADO | Q12: METILTIO
A13: BYPASS | B13: Óleo Vegetal | C13: 0.92 | H13: Acostagem | I13: Óleo de Soja | L13: OLEOS AQUECIDOS | N13: OLEO DIESEL S10 | Q13: METILTIO BUTANOICO ACIDO
A14: DERIVADOS | B14: Derivados | C14: 0.83 | H14: Álcool | I14: Óleo Veg. | J14: ÓLEO VEGETAL | L14: PALMA | N14: OLEO DIESEL S500 | Q14: OLEFINAS
A15: DERIVADOS DE PETRÓLEO | B15: Derivados | C15: 0.83 | H15: Aquecidos | I15: Soda Caustica | J15: SODA CÁUSTICA | L15: PALMA BRUTA | N15: REFORMADO PESADO | Q15: OUTROS
A16: DESAFIO | B16: Outros | C16: 1 | H16: Biodiesel | I16: Biodiesel | J16: BIODIESEL | L16: PALMA REFINADA | N16: XILENO MISTO | Q16: RHODIMET GRANEL
A17: DIESEL | B17: Derivados | C17: 0.83 | H17: Derivados | I17: Álcool | J17: ÁLCOOL | L17: PALMA/PALMISTE | Q17: SODA CAUSTICA
A18: DIESEL S10 | B18: Derivados | C18: 0.83 | H18: Metanol | I18: Aquecidos | J18: AQUECIDOS | L18: PALMA/PALMISTE/ESTEARINA | Q18: SODA CAUSTICA DIAFRAGMA
A19: DIESEL S500 | B19: Derivados | C19: 0.83 | H19: Óleo de Soja | I19: Metanol | J19: METANOL | K19: ALIMET | L19: PALMISTE | Q19: SODA CAUSTICA LIQMEMBRANA
A20: DIETILENO GLICOL | B20: Outros | C20: 1.2 | H20: Óleo Veg. | I20: Derivados | J20: DIESEL/GASOLINA | L20: SEBO BOVINO | Q20: TEREBINTINA
A21: DIETILENO GLICOL (DEG) | B21: Outros | C21: 1.2 | H21: Outros | I21: Outros | J21: METILATO | Q21: XILENO MISTO
A22: ESTEARINA DE PALMA RBD | B22: Aquecidos | C22: 0.9 | H22: Soda Caustica | Q22: ACOSTAGEM
A23: ESTEARINA DE PALMISTE | B23: Aquecidos | C23: 0.9
A24: ESTEARINA PALMA/PALMISTE | B24: Aquecidos | C24: 0.9
A25: ETANOL | B25: Biocombustíveis | C25: 0.8
A26: FENOL | B26: Outros | C26: 1.07
A27: FERRO | B27: Derivados | C27: 0.83
A28: FERTILIZANTE LIQUIDO | B28: Outros | C28: 1.3
A29: FERTILIZANTE LIQUIDO (UAN | B29: Outros | C29: 1.3
A30: G A V | B30: Derivados | C30: 0.72
A31: ÁLCOOL ETIL. DESNAT. | B31: Biocombustíveis | C31: 0.8
A32: GASOLINA | B32: Derivados | C32: 0.79
A33: GLICERINA | B33: Outros | C33: 1.2
A34: GORDURA ANIMAL | B34: Aquecidos | C34: 0.9
... A94: XILENO MISTO | B94: Outros | C94: 0.8654
A103: ÓLEO DE SOJA | B103: Óleo Vegetal
A104: ÓLEO DE ALGODÃO | B104: Óleo Vegetal
A105: ÓLEO DE GIRASSOL | B105: Óleo Vegetal
A106: ÓLEO DE MILHO | B106: Óleo Vegetal
A107: ÓLEO DE CANOLA | B107: Óleo Vegetal
A108: ÓLEO DE PALMA | B108: Aquecidos
A109: OLEINA DE PALMA/PALMISTE | B109: Aquecidos
A110: ÓLEO DE PALMISTE | B110: Aquecidos
A111: ESTEARINA PALMA/PALMISTE | B111: Aquecidos
A112: GLICERINA | B112: Outros
A113: DIETILENO GLICOL | B113: Outros
A114: SEBO BOVINO | B114: Aquecidos
... A144: TEREBINTINA | B144: Outros

Sheet Banco de Dados - Fat.
A1: ANO | B1: MÊS | C1: Cliente | D1: PRODUTO | E1: GRUPO DE PRODUTOS | F1: Faturamento (R$) | G1: Grupo de Cliente
A2: 2021 | B2: Janeiro | C2: Adisseo | D2: ALIMET | E2: =VLOOKUP(D2,'Lista de Produtos CLASSIFICAÇÃO'!$A$103:$B$144,2,FALSE) -> Outros | F2: 515772 | G2: =VLOOKUP(C2,clientes!$C$3:$D$60,2,FALSE) -> ADISSEO
A3: 2021 | B3: Janeiro | C3: Adisseo | D3: ALIMET | E3: =VLOOKUP(D3,'Lista de Produtos CLASSIFICAÇÃO'!$A$103:$B$144,2,FALSE) -> Outros | F3: 0 | G3: =VLOOKUP(C3,clientes!$C$3:$D$60,2,FALSE) -> ADISSEO
A4: 2021 | B4: Janeiro | C4: Adisseo Caminhão | D4: ALIMET | E4: =VLOOKUP(D4,'Lista de Produtos CLASSIFICAÇÃO'!$A$103:$B$144,2,FALSE) -> Outros | F4: 3316 | G4: =VLOOKUP(C4,clientes!$C$3:$D$60,2,FALSE) -> ADISSEO
A5: 2021 | B5: Janeiro | C5: ADM | D5: GLICERINA | E5: =VLOOKUP(D5,'Lista de Produtos CLASSIFICAÇÃO'!$A$103:$B$144,2,FALSE) -> Outros | F5: 76113 | G5: =VLOOKUP(C5,clientes!$C$3:$D$60,2,FALSE) -> ADM
A6: 2021 | B6: Janeiro | C6: Ipiranga | D6: DIESEL/GASOLINA | E6: =VLOOKUP(D6,'Lista de Produtos CLASSIFICAÇÃO'!$A$103:$B$144,2,FALSE) -> Derivados | F6: 6963862 | G6: =VLOOKUP(C6,clientes!$C$3:$D$60,2,FALSE) -> IPIRANGA
A7: 2021 | B7: Janeiro | C7: BR | D7: DIESEL/GASOLINA | E7: =VLOOKUP(D7,'Lista de Produtos CLASSIFICAÇÃO'!$A$103:$B$144,2,FALSE) -> Derivados | F7: 4188725 | G7: =VLOOKUP(C7,clientes!$C$3:$D$60,2,FALSE) -> BR
A8: 2021 | B8: Janeiro | C8: Greenergy | D8: DIESEL/GASOLINA | E8: =VLOOKUP(D8,'Lista de Produtos CLASSIFICAÇÃO'!$A$103:$B$144,2,FALSE) -> Derivados | F8: 1765906 | G8: =VLOOKUP(C8,clientes!$C$3:$D$60,2,FALSE) -> GREENENERGY
A9: 2021 | B9: Janeiro | C9: Sul Plata | D9: DIESEL/GASOLINA | E9: =VLOOKUP(D9,'Lista de Produtos CLASSIFICAÇÃO'!$A$103:$B$144,2,FALSE) -> Derivados | F9: 3478569 | G9: =VLOOKUP(C9,clientes!$C$3:$D$60,2,FALSE) -> SUL PLATA
A10: 2021 | B10: Janeiro | C10: Sul Plata | D10: DIESEL/GASOLINA | E10: =VLOOKUP(D10,'Lista de Produtos CLASSIFICAÇÃO'!$A$103:$B$144,2,FALSE) -> Derivados | F10: 0 | G10: =VLOOKUP(C10,clientes!$C$3:$D$60,2,FALSE) -> SUL PLATA
A11: 2021 | B11: Janeiro | C11: JBS | D11: SODA CÁUSTICA | E11: =VLOOKUP(D11,'Lista de Produtos CLASSIFICAÇÃO'!$A$103:$B$144,2,FALSE) -> Soda Caustica | F11: 129223 | G11: =VLOOKUP(C11,clientes!$C$3:$D$60,2,FALSE) -> JBS
A12: 2021 | B12: Janeiro | C12: Tricon | D12: SODA CÁUSTICA | E12: =VLOOKUP(D12,'Lista de Produtos CLASSIFICAÇÃO'!$A$103:$B$144,2,FALSE) -> Soda Caustica | F12: 305822 | G12: =VLOOKUP(C12,clientes!$C$3:$D$60,2,FALSE) -> TRICON ENERGY
A13: 2021 | B13: Janeiro | C13: Novus | D13: ALIMET | E13: =VLOOKUP(D13,'Lista de Produtos CLASSIFICAÇÃO'!$A$103:$B$144,2,FALSE) -> Outros | F13: 203290 | G13: =VLOOKUP(C13,clientes!$C$3:$D$60,2,FALSE) -> NOVUS
... A1762: 2025 | B1762: Março | C1762: Ciapetro | D1762: DIESEL/GASOLINA | E1762: =VLOOKUP(D1762,'Lista de Produtos CLASSIFICAÇÃO'!$A$103:$B$144,2,FALSE) -> Derivados | F1762: 1076739 | G1762: =VLOOKUP(C1762,clientes!$C$3:$D$60,2,FALSE) -> CIAPETRO
A1763: 2025 | B1763: Março | C1763: Tereos/Inpasa/Glencore/FS | D1763: ÁLCOOL | E1763: =VLOOKUP(D1763,'Lista de Produtos CLASSIFICAÇÃO'!$A$103:$B$144,2,FALSE) -> Biocombustíveis | F1763: 900000 | G1763: =VLOOKUP(C1763,clientes!$C$3:$D$60,2,FALSE) -> TEREOS / INPASA / GLENCORE / FS | I1763: 1.6319983e+08
A1764: 2025 | B1764: Março | C1764: Ares | D1764: AQUECIDOS | E1764: =VLOOKUP(D1764,'Lista de Produtos CLASSIFICAÇÃO'!$A$103:$B$144,2,FALSE) -> Aquecidos | F1764: 608544 | G1764: =VLOOKUP(C1764,clientes!$C$3:$D$60,2,FALSE) -> ARES MERCHANTS PTE LIMITE
A1765: 2025 | B1765: Março | C1765: Acostagem | D1765: ACOSTAGEM | E1765: =VLOOKUP(D1765,'Lista de Produtos CLASSIFICAÇÃO'!$A$103:$B$144,2,FALSE) -> Acostagem | F1765: 537930.51 | G1765: =VLOOKUP(C1765,clientes!$C$3:$D$60,2,FALSE) -> ACOSTAGEM
A1766: 2025 | B1766: Março | C1766: ICOF | D1766: AQUECIDOS | E1766: =VLOOKUP(D1766,'Lista de Produtos CLASSIFICAÇÃO'!$A$103:$B$144,2,FALSE) -> Aquecidos | F1766: 557826 | G1766: =VLOOKUP(C1766,clientes!$C$3:$D$60,2,FALSE) -> ICOF
A1767: 2025 | B1767: Março | C1767: GPC | D1767: SODA CÁUSTICA | E1767: =VLOOKUP(D1767,'Lista de Produtos CLASSIFICAÇÃO'!$A$103:$B$144,2,FALSE) -> Soda Caustica | F1767: 158585 | G1767: =VLOOKUP(C1767,clientes!$C$3:$D$60,2,FALSE) -> GPC
A1768: 2025 | B1768: Março | C1768: Inpasa | D1768: ÁLCOOL | E1768: =VLOOKUP(D1768,'Lista de Produtos CLASSIFICAÇÃO'!$A$103:$B$144,2,FALSE) -> Biocombustíveis | F1768: 1477279 | G1768: =VLOOKUP(C1768,clientes!$C$3:$D$60,2,FALSE) -> INPASA
A1769: 2025 | B1769: Abril | C1769: Adisseo | D1769: ALIMET | E1769: =VLOOKUP(D1769,'Lista de Produtos CLASSIFICAÇÃO'!$A$103:$B$144,2,FALSE) -> Outros | F1769: 878484 | G1769: =VLOOKUP(C1769,clientes!$C$3:$D$60,2,FALSE) -> ADISSEO
A1770: 2025 | B1770: Abril | C1770: Bunge | D1770: AQUECIDOS | E1770: =VLOOKUP(D1770,'Lista de Produtos CLASSIFICAÇÃO'!$A$103:$B$144,2,FALSE) -> Aquecidos | F1770: 378593 | G1770: =VLOOKUP(C1770,clientes!$C$3:$D$60,2,FALSE) -> BUNGE
A1771: 2025 | B1771: Abril | C1771: ADM | D1771: ÓLEO VEGETAL | E1771: =VLOOKUP(D1771,'Lista de Produtos CLASSIFICAÇÃO'!$A$103:$B$144,2,FALSE) -> Óleo Vegetal | F1771: 161866 | G1771: =VLOOKUP(C1771,clientes!$C$3:$D$60,2,FALSE) -> ADM
A1772: 2025 | B1772: Abril | C1772: Ipiranga | D1772: DIESEL/GASOLINA | E1772: =VLOOKUP(D1772,'Lista de Produtos CLASSIFICAÇÃO'!$A$103:$B$144,2,FALSE) -> Derivados | F1772: 5957914 | G1772: =VLOOKUP(C1772,clientes!$C$3:$D$60,2,FALSE) -> IPIRANGA
A1773: 2025 | B1773: Abril | C1773: Raizen | D1773: DIESEL/GASOLINA | E1773: =VLOOKUP(D1773,'Lista de Produtos CLASSIFICAÇÃO'!$A$103:$B$144,2,FALSE) -> Derivados | F1773: 3979329 | G1773: =VLOOKUP(C1773,clientes!$C$3:$D$60,2,FALSE) -> RAIZEN
A1774: 2025 | B1774: Abril | C1774: Vibra | D1774: DIESEL/GASOLINA | E1774: =VLOOKUP(D1774,'Lista de Produtos CLASSIFICAÇÃO'!$A$103:$B$144,2,FALSE) -> Derivados | F1774: 1971343 | G1774: =VLOOKUP(C1774,clientes!$C$3:$D$60,2,FALSE) -> VIBRA
A1775: 2025 | B1775: Abril | C1775: Sul Plata | D1775: DIESEL/GASOLINA | E1775: =VLOOKUP(D1775,'Lista de Produtos CLASSIFICAÇÃO'!$A$103:$B$144,2,FALSE) -> Derivados | F1775: 3059732 | G1775: =VLOOKUP(C1775,clientes!$C$3:$D$60,2,FALSE) -> SUL PLATA
... A2181: 2026 | B2181: Dezembro | C2181: Sul Plata | D2181: DIESEL/GASOLINA | E2181: =VLOOKUP(D2181,'Lista de Produtos CLASSIFICAÇÃO'!$A$103:$B$144,2,FALSE) -> Derivados | F2181: 2911532 | G2181: =VLOOKUP(C2181,clientes!$C$3:$D$60,2,FALSE) -> SUL PLATA
A2182: 2026 | B2182: Janeiro | C2182: JBS | D2182: SODA CÁUSTICA | E2182: Soda Cáustica | F2182: 217045 | G2182: =VLOOKUP(C2182,clientes!$C$3:$D$60,2,FALSE) -> JBS
A2183: 2026 | B2183: Fevereiro | C2183: JBS | D2183: SODA CÁUSTICA | E2183: Soda Cáustica | F2183: 217045 | G2183: =VLOOKUP(C2183,clientes!$C$3:$D$60,2,FALSE) -> JBS
A2184: 2026 | B2184: Março | C2184: JBS | D2184: SODA CÁUSTICA | E2184: Soda Cáustica | F2184: 217045 | G2184: =VLOOKUP(C2184,clientes!$C$3:$D$60,2,FALSE) -> JBS
A2185: 2026 | B2185: Abril | C2185: JBS | D2185: SODA CÁUSTICA | E2185: =VLOOKUP(D2185,'Lista de Produtos CLASSIFICAÇÃO'!$A$103:$B$144,2,FALSE) -> Soda Caustica | F2185: 217045 | G2185: =VLOOKUP(C2185,clientes!$C$3:$D$60,2,FALSE) -> JBS
A2186: 2026 | B2186: Maio | C2186: JBS | D2186: SODA CÁUSTICA | E2186: =VLOOKUP(D2186,'Lista de Produtos CLASSIFICAÇÃO'!$A$103:$B$144,2,FALSE) -> Soda Caustica | F2186: 217045 | G2186: =VLOOKUP(C2186,clientes!$C$3:$D$60,2,FALSE) -> JBS
A2187: 2026 | B2187: Junho | C2187: JBS | D2187: SODA CÁUSTICA | E2187: =VLOOKUP(D2187,'Lista de Produtos CLASSIFICAÇÃO'!$A$103:$B$144,2,FALSE) -> Soda Caustica | F2187: 217045 | G2187: =VLOOKUP(C2187,clientes!$C$3:$D$60,2,FALSE) -> JBS
A2188: 2026 | B2188: Julho | C2188: JBS | D2188: SODA CÁUSTICA | E2188: =VLOOKUP(D2188,'Lista de Produtos CLASSIFICAÇÃO'!$A$103:$B$144,2,FALSE) -> Soda Caustica | F2188: 217045 | G2188: =VLOOKUP(C2188,clientes!$C$3:$D$60,2,FALSE) -> JBS
A2189: 2026 | B2189: Agosto | C2189: JBS | D2189: SODA CÁUSTICA | E2189: =VLOOKUP(D2189,'Lista de Produtos CLASSIFICAÇÃO'!$A$103:$B$144,2,FALSE) -> Soda Caustica | F2189: 217045 | G2189: =VLOOKUP(C2189,clientes!$C$3:$D$60,2,FALSE) -> JBS
A2190: 2026 | B2190: Setembro | C2190: JBS | D2190: SODA CÁUSTICA | E2190: =VLOOKUP(D2190,'Lista de Produtos CLASSIFICAÇÃO'!$A$103:$B$144,2,FALSE) -> Soda Caustica | F2190: 217045 | G2190: =VLOOKUP(C2190,clientes!$C$3:$D$60,2,FALSE) -> JBS
A2191: 2026 | B2191: Outubro | C2191: JBS | D2191: SODA CÁUSTICA | E2191: =VLOOKUP(D2191,'Lista de Produtos CLASSIFICAÇÃO'!$A$103:$B$144,2,FALSE) -> Soda Caustica | F2191: 226921 | G2191: =VLOOKUP(C2191,clientes!$C$3:$D$60,2,FALSE) -> JBS
A2192: 2026 | B2192: Novembro | C2192: JBS | D2192: SODA CÁUSTICA | E2192: =VLOOKUP(D2192,'Lista de Produtos CLASSIFICAÇÃO'!$A$103:$B$144,2,FALSE) -> Soda Caustica | F2192: 226921 | G2192: =VLOOKUP(C2192,clientes!$C$3:$D$60,2,FALSE) -> JBS
A2193: 2026 | B2193: Dezembro | C2193: JBS | D2193: SODA CÁUSTICA | E2193: =VLOOKUP(D2193,'Lista de Produtos CLASSIFICAÇÃO'!$A$103:$B$144,2,FALSE) -> Soda Caustica | F2193: 226921 | G2193: =VLOOKUP(C2193,clientes!$C$3:$D$60,2,FALSE) -> JBS
A2194: 2026 | B2194: Janeiro | C2194: Tricon | D2194: SODA CÁUSTICA | E2194: Soda Cáustica | F2194: 491739 | G2194: =VLOOKUP(C2194,clientes!$C$3:$D$60,2,FALSE) -> TRICON ENERGY
A2195: 2026 | B2195: Fevereiro | C2195: Tricon | D2195: SODA CÁUSTICA | E2195: Soda Cáustica | F2195: 491739 | G2195: =VLOOKUP(C2195,clientes!$C$3:$D$60,2,FALSE) -> TRICON ENERGY
A2196: 2026 | B2196: Março | C2196: Tricon | D2196: SODA CÁUSTICA | E2196: Soda Cáustica | F2196: 491739 | G2196: =VLOOKUP(C2196,clientes!$C$3:$D$60,2,FALSE) -> TRICON ENERGY
A2197: 2026 | B2197: Abril | C2197: Tricon | D2197: SODA CÁUSTICA | E2197: =VLOOKUP(D2197,'Lista de Produtos CLASSIFICAÇÃO'!$A$103:$B$144,2,FALSE) -> Soda Caustica | F2197: 491739 | G2197: =VLOOKUP(C2197,clientes!$C$3:$D$60,2,FALSE) -> TRICON ENERGY
A2198: 2026 | B2198: Maio | C2198: Tricon | D2198: SODA CÁUSTICA | E2198: =VLOOKUP(D2198,'Lista de Produtos CLASSIFICAÇÃO'!$A$103:$B$144,2,FALSE) -> Soda Caustica | F2198: 491739 | G2198: =VLOOKUP(C2198,clientes!$C$3:$D$60,2,FALSE) -> TRICON ENERGY
A2199: 2026 | B2199: Junho | C2199: Tricon | D2199: SODA CÁUSTICA | E2199: =VLOOKUP(D2199,'Lista de Produtos CLASSIFICAÇÃO'!$A$103:$B$144,2,FALSE) -> Soda Caustica | F2199: 491739 | G2199: =VLOOKUP(C2199,clientes!$C$3:$D$60,2,FALSE) -> TRICON ENERGY
A2200: 2026 | B2200: Julho | C2200: Tricon | D2200: SODA CÁUSTICA | E2200: =VLOOKUP(D2200,'Lista de Produtos CLASSIFICAÇÃO'!$A$103:$B$144,2,FALSE) -> Soda Caustica | F2200: 491739 | G2200: =VLOOKUP(C2200,clientes!$C$3:$D$60,2,FALSE) -> TRICON ENERGY
A2201: 2026 | B2201: Agosto | C2201: Tricon | D2201: SODA CÁUSTICA | E2201: =VLOOKUP(D2201,'Lista de Produtos CLASSIFICAÇÃO'!$A$103:$B$144,2,FALSE) -> Soda Caustica | F2201: 491739 | G2201: =VLOOKUP(C2201,clientes!$C$3:$D$60,2,FALSE) -> TRICON ENERGY
A2202: 2026 | B2202: Setembro | C2202: Tricon | D2202: SODA CÁUSTICA | E2202: =VLOOKUP(D2202,'Lista de Produtos CLASSIFICAÇÃO'!$A$103:$B$144,2,FALSE) -> Soda Caustica | F2202: 491739 | G2202: =VLOOKUP(C2202,clientes!$C$3:$D$60,2,FALSE) -> TRICON ENERGY
A2203: 2026 | B2203: Outubro | C2203: Tricon | D2203: SODA CÁUSTICA | E2203: =VLOOKUP(D2203,'Lista de Produtos CLASSIFICAÇÃO'!$A$103:$B$144,2,FALSE) -> Soda Caustica | F2203: 491739 | G2203: =VLOOKUP(C2203,clientes!$C$3:$D$60,2,FALSE) -> TRICON ENERGY
A2204: 2026 | B2204: Novembro | C2204: Tricon | D2204: SODA CÁUSTICA | E2204: =VLOOKUP(D2204,'Lista de Produtos CLASSIFICAÇÃO'!$A$103:$B$144,2,FALSE) -> Soda Caustica | F2204: 491739 | G2204: =VLOOKUP(C2204,clientes!$C$3:$D$60,2,FALSE) -> TRICON ENERGY
A2205: 2026 | B2205: Dezembro | C2205: Tricon | D2205: SODA CÁUSTICA | E2205: =VLOOKUP(D2205,'Lista de Produtos CLASSIFICAÇÃO'!$A$103:$B$144,2,FALSE) -> Soda Caustica | F2205: 491739 | G2205: =VLOOKUP(C2205,clientes!$C$3:$D$60,2,FALSE) -> TRICON ENERGY
A2206: 2026 | B2206: Janeiro | C2206: BRF | D2206: AQUECIDOS | E2206: =VLOOKUP(D2206,'Lista de Produtos CLASSIFICAÇÃO'!$A$103:$B$144,2,FALSE) -> Aquecidos | F2206: 1075596 | G2206: =VLOOKUP(C2206,clientes!$C$3:$D$60,2,FALSE) -> BRF
A2207: 2026 | B2207: Fevereiro | C2207: BRF | D2207: AQUECIDOS | E2207: =VLOOKUP(D2207,'Lista de Produtos CLASSIFICAÇÃO'!$A$103:$B$144,2,FALSE) -> Aquecidos | F2207: 1075596 | G2207: =VLOOKUP(C2207,clientes!$C$3:$D$60,2,FALSE) -> BRF
A2208: 2026 | B2208: Março | C2208: BRF | D2208: AQUECIDOS | E2208: =VLOOKUP(D2208,'Lista de Produtos CLASSIFICAÇÃO'!$A$103:$B$144,2,FALSE) -> Aquecidos | F2208: 1075596 | G2208: =VLOOKUP(C2208,clientes!$C$3:$D$60,2,FALSE) -> BRF
... A2361: 2026 | B2361: Dezembro | C2361: Cargill | D2361: ÓLEO VEGETAL | E2361: =VLOOKUP(D2361,'Lista de Produtos CLASSIFICAÇÃO'!$A$103:$B$144,2,FALSE) -> Óleo Vegetal | F2361: 228717 | G2361: =VLOOKUP(C2361,clientes!$C$3:$D$60,2,FALSE) -> CARGILL
A2362: 2026 | B2362: Janeiro | C2362: Brenntag | D2362: SODA CÁUSTICA | E2362: Soda Cáustica | F2362: 262174 | G2362: =VLOOKUP(C2362,clientes!$C$3:$D$60,2,FALSE) -> BRENNTAG
A2363: 2026 | B2363: Fevereiro | C2363: Brenntag | D2363: SODA CÁUSTICA | E2363: Soda Cáustica | F2363: 262174 | G2363: =VLOOKUP(C2363,clientes!$C$3:$D$60,2,FALSE) -> BRENNTAG
A2364: 2026 | B2364: Março | C2364: Brenntag | D2364: SODA CÁUSTICA | E2364: Soda Cáustica | F2364: 262174 | G2364: =VLOOKUP(C2364,clientes!$C$3:$D$60,2,FALSE) -> BRENNTAG
A2365: 2026 | B2365: Abril | C2365: Brenntag | D2365: SODA CÁUSTICA | E2365: =VLOOKUP(D2365,'Lista de Produtos CLASSIFICAÇÃO'!$A$103:$B$144,2,FALSE) -> Soda Caustica | F2365: 262174 | G2365: =VLOOKUP(C2365,clientes!$C$3:$D$60,2,FALSE) -> BRENNTAG
A2366: 2026 | B2366: Maio | C2366: Brenntag | D2366: SODA CÁUSTICA | E2366: =VLOOKUP(D2366,'Lista de Produtos CLASSIFICAÇÃO'!$A$103:$B$144,2,FALSE) -> Soda Caustica | F2366: 262174 | G2366: =VLOOKUP(C2366,clientes!$C$3:$D$60,2,FALSE) -> BRENNTAG
A2367: 2026 | B2367: Junho | C2367: Brenntag | D2367: SODA CÁUSTICA | E2367: =VLOOKUP(D2367,'Lista de Produtos CLASSIFICAÇÃO'!$A$103:$B$144,2,FALSE) -> Soda Caustica | F2367: 262174 | G2367: =VLOOKUP(C2367,clientes!$C$3:$D$60,2,FALSE) -> BRENNTAG
A2368: 2026 | B2368: Julho | C2368: Brenntag | D2368: SODA CÁUSTICA | E2368: =VLOOKUP(D2368,'Lista de Produtos CLASSIFICAÇÃO'!$A$103:$B$144,2,FALSE) -> Soda Caustica | F2368: 262174 | G2368: =VLOOKUP(C2368,clientes!$C$3:$D$60,2,FALSE) -> BRENNTAG
A2369: 2026 | B2369: Agosto | C2369: Brenntag | D2369: SODA CÁUSTICA | E2369: =VLOOKUP(D2369,'Lista de Produtos CLASSIFICAÇÃO'!$A$103:$B$144,2,FALSE) -> Soda Caustica | F2369: 262174 | G2369: =VLOOKUP(C2369,clientes!$C$3:$D$60,2,FALSE) -> BRENNTAG
A2370: 2026 | B2370: Setembro | C2370: Brenntag | D2370: SODA CÁUSTICA | E2370: =VLOOKUP(D2370,'Lista de Produtos CLASSIFICAÇÃO'!$A$103:$B$144,2,FALSE) -> Soda Caustica | F2370: 262174 | G2370: =VLOOKUP(C2370,clientes!$C$3:$D$60,2,FALSE) -> BRENNTAG
A2371: 2026 | B2371: Outubro | C2371: Brenntag | D2371: SODA CÁUSTICA | E2371: =VLOOKUP(D2371,'Lista de Produtos CLASSIFICAÇÃO'!$A$103:$B$144,2,FALSE) -> Soda Caustica | F2371: 262174 | G2371: =VLOOKUP(C2371,clientes!$C$3:$D$60,2,FALSE) -> BRENNTAG
A2372: 2026 | B2372: Novembro | C2372: Brenntag | D2372: SODA CÁUSTICA | E2372: =VLOOKUP(D2372,'Lista de Produtos CLASSIFICAÇÃO'!$A$103:$B$144,2,FALSE) -> Soda Caustica | F2372: 262174 | G2372: =VLOOKUP(C2372,clientes!$C$3:$D$60,2,FALSE) -> BRENNTAG
A2373: 2026 | B2373: Dezembro | C2373: Brenntag | D2373: SODA CÁUSTICA | E2373: =VLOOKUP(D2373,'Lista de Produtos CLASSIFICAÇÃO'!$A$103:$B$144,2,FALSE) -> Soda Caustica | F2373: 262174 | G2373: =VLOOKUP(C2373,clientes!$C$3:$D$60,2,FALSE) -> BRENNTAG
A2374: 2026 | B2374: Janeiro | C2374: Olin | D2374: SODA CÁUSTICA | E2374: Soda Cáustica | F2374: 2051393 | G2374: =VLOOKUP(C2374,clientes!$C$3:$D$60,2,FALSE) -> OLIN BLUE CUBE
A2375: 2026 | B2375: Fevereiro | C2375: Olin | D2375: SODA CÁUSTICA | E2375: Soda Cáustica | F2375: 2144732 | G2375: =VLOOKUP(C2375,clientes!$C$3:$D$60,2,FALSE) -> OLIN BLUE CUBE
A2376: 2026 | B2376: Março | C2376: Olin | D2376: SODA CÁUSTICA | E2376: Soda Cáustica | F2376: 2144732 | G2376: =VLOOKUP(C2376,clientes!$C$3:$D$60,2,FALSE) -> OLIN BLUE CUBE
A2377: 2026 | B2377: Abril | C2377: Olin | D2377: SODA CÁUSTICA | E2377: =VLOOKUP(D2377,'Lista de Produtos CLASSIFICAÇÃO'!$A$103:$B$144,2,FALSE) -> Soda Caustica | F2377: 2144732 | G2377: =VLOOKUP(C2377,clientes!$C$3:$D$60,2,FALSE) -> OLIN BLUE CUBE
A2378: 2026 | B2378: Maio | C2378: Olin | D2378: SODA CÁUSTICA | E2378: =VLOOKUP(D2378,'Lista de Produtos CLASSIFICAÇÃO'!$A$103:$B$144,2,FALSE) -> Soda Caustica | F2378: 2144732 | G2378: =VLOOKUP(C2378,clientes!$C$3:$D$60,2,FALSE) -> OLIN BLUE CUBE
A2379: 2026 | B2379: Junho | C2379: Olin | D2379: SODA CÁUSTICA | E2379: =VLOOKUP(D2379,'Lista de Produtos CLASSIFICAÇÃO'!$A$103:$B$144,2,FALSE) -> Soda Caustica | F2379: 2144732 | G2379: =VLOOKUP(C2379,clientes!$C$3:$D$60,2,FALSE) -> OLIN BLUE CUBE
A2380: 2026 | B2380: Julho | C2380: Olin | D2380: SODA CÁUSTICA | E2380: =VLOOKUP(D2380,'Lista de Produtos CLASSIFICAÇÃO'!$A$103:$B$144,2,FALSE) -> Soda Caustica | F2380: 2144732 | G2380: =VLOOKUP(C2380,clientes!$C$3:$D$60,2,FALSE) -> OLIN BLUE CUBE
A2381: 2026 | B2381: Agosto | C2381: Olin | D2381: SODA CÁUSTICA | E2381: =VLOOKUP(D2381,'Lista de Produtos CLASSIFICAÇÃO'!$A$103:$B$144,2,FALSE) -> Soda Caustica | F2381: 2144732 | G2381: =VLOOKUP(C2381,clientes!$C$3:$D$60,2,FALSE) -> OLIN BLUE CUBE
A2382: 2026 | B2382: Setembro | C2382: Olin | D2382: SODA CÁUSTICA | E2382: =VLOOKUP(D2382,'Lista de Produtos CLASSIFICAÇÃO'!$A$103:$B$144,2,FALSE) -> Soda Caustica | F2382: 2144732 | G2382: =VLOOKUP(C2382,clientes!$C$3:$D$60,2,FALSE) -> OLIN BLUE CUBE
A2383: 2026 | B2383: Outubro | C2383: Olin | D2383: SODA CÁUSTICA | E2383: =VLOOKUP(D2383,'Lista de Produtos CLASSIFICAÇÃO'!$A$103:$B$144,2,FALSE) -> Soda Caustica | F2383: 2144732 | G2383: =VLOOKUP(C2383,clientes!$C$3:$D$60,2,FALSE) -> OLIN BLUE CUBE
A2384: 2026 | B2384: Novembro | C2384: Olin | D2384: SODA CÁUSTICA | E2384: =VLOOKUP(D2384,'Lista de Produtos CLASSIFICAÇÃO'!$A$103:$B$144,2,FALSE) -> Soda Caustica | F2384: 2144732 | G2384: =VLOOKUP(C2384,clientes!$C$3:$D$60,2,FALSE) -> OLIN BLUE CUBE
A2385: 2026 | B2385: Dezembro | C2385: Olin | D2385: SODA CÁUSTICA | E2385: =VLOOKUP(D2385,'Lista de Produtos CLASSIFICAÇÃO'!$A$103:$B$144,2,FALSE) -> Soda Caustica | F2385: 2144732 | G2385: =VLOOKUP(C2385,clientes!$C$3:$D$60,2,FALSE) -> OLIN BLUE CUBE
A2386: 2026 | B2386: Janeiro | C2386: BSBIOS | D2386: BIODIESEL | E2386: =VLOOKUP(D2386,'Lista de Produtos CLASSIFICAÇÃO'!$A$103:$B$144,2,FALSE) -> Biocombustíveis | F2386: 548951 | G2386: =VLOOKUP(C2386,clientes!$C$3:$D$60,2,FALSE) -> BSBIOS
A2387: 2026 | B2387: Fevereiro | C2387: BSBIOS | D2387: BIODIESEL | E2387: =VLOOKUP(D2387,'Lista de Produtos CLASSIFICAÇÃO'!$A$103:$B$144,2,FALSE) -> Biocombustíveis | F2387: 732603 | G2387: =VLOOKUP(C2387,clientes!$C$3:$D$60,2,FALSE) -> BSBIOS
A2388: 2026 | B2388: Março | C2388: BSBIOS | D2388: BIODIESEL | E2388: =VLOOKUP(D2388,'Lista de Produtos CLASSIFICAÇÃO'!$A$103:$B$144,2,FALSE) -> Biocombustíveis | F2388: 548951 | G2388: =VLOOKUP(C2388,clientes!$C$3:$D$60,2,FALSE) -> BSBIOS
... A2457: 2026 | B2457: Dezembro | C2457: Ares | D2457: AQUECIDOS | E2457: =VLOOKUP(D2457,'Lista de Produtos CLASSIFICAÇÃO'!$A$103:$B$144,2,FALSE) -> Aquecidos | F2457: 565866 | G2457: =VLOOKUP(C2457,clientes!$C$3:$D$60,2,FALSE) -> ARES MERCHANTS PTE LIMITE
A2458: 2026 | B2458: Janeiro | C2458: Acostagem | D2458: ACOSTAGEM | E2458: Outros | F2458: 426927.85 | G2458: Outros
A2459: 2026 | B2459: Fevereiro | C2459: Acostagem | D2459: ACOSTAGEM | E2459: Outros | F2459: 406994.33 | G2459: Outros
A2460: 2026 | B2460: Março | C2460: Acostagem | D2460: ACOSTAGEM | E2460: Outros | F2460: 406994.33 | G2460: Outros
A2461: 2026 | B2461: Abril | C2461: Acostagem | D2461: ACOSTAGEM | E2461: Outros | F2461: 417085.85 | G2461: Outros
A2462: 2026 | B2462: Maio | C2462: Acostagem | D2462: ACOSTAGEM | E2462: Outros | F2462: 522355.6 | G2462: Outros
A2463: 2026 | B2463: Junho | C2463: Acostagem | D2463: ACOSTAGEM | E2463: Outros | F2463: 503731.19 | G2463: Outros
A2464: 2026 | B2464: Julho | C2464: Acostagem | D2464: ACOSTAGEM | E2464: Outros | F2464: 541718.5 | G2464: Outros
A2465: 2026 | B2465: Agosto | C2465: Acostagem | D2465: ACOSTAGEM | E2465: Outros | F2465: 493729.48 | G2465: Outros
A2466: 2026 | B2466: Setembro | C2466: Acostagem | D2466: ACOSTAGEM | E2466: Outros | F2466: 499011.46 | G2466: Outros
A2467: 2026 | B2467: Outubro | C2467: Acostagem | D2467: ACOSTAGEM | E2467: Outros | F2467: 452606.6 | G2467: Outros
A2468: 2026 | B2468: Novembro | C2468: Acostagem | D2468: ACOSTAGEM | E2468: Outros | F2468: 471031.66 | G2468: Outros
A2469: 2026 | B2469: Dezembro | C2469: Acostagem | D2469: ACOSTAGEM | E2469: Outros | F2469: 435122.8 | G2469: Outros
A2470: 2026 | B2470: Janeiro | C2470: ICOF | D2470: AQUECIDOS | E2470: =VLOOKUP(D2470,'Lista de Produtos CLASSIFICAÇÃO'!$A$103:$B$144,2,FALSE) -> Aquecidos | F2470: 1067025 | G2470: =VLOOKUP(C2470,clientes!$C$3:$D$60,2,FALSE) -> ICOF
A2471: 2026 | B2471: Fevereiro | C2471: ICOF | D2471: AQUECIDOS | E2471: =VLOOKUP(D2471,'Lista de Produtos CLASSIFICAÇÃO'!$A$103:$B$144,2,FALSE) -> Aquecidos | F2471: 1067025 | G2471: =VLOOKUP(C2471,clientes!$C$3:$D$60,2,FALSE) -> ICOF
A2472: 2026 | B2472: Março | C2472: ICOF | D2472: AQUECIDOS | E2472: =VLOOKUP(D2472,'Lista de Produtos CLASSIFICAÇÃO'!$A$103:$B$144,2,FALSE) -> Aquecidos | F2472: 1067025 | G2472: =VLOOKUP(C2472,clientes!$C$3:$D$60,2,FALSE) -> ICOF
A2473: 2026 | B2473: Abril | C2473: ICOF | D2473: AQUECIDOS | E2473: =VLOOKUP(D2473,'Lista de Produtos CLASSIFICAÇÃO'!$A$103:$B$144,2,FALSE) -> Aquecidos | F2473: 1067025 | G2473: =VLOOKUP(C2473,clientes!$C$3:$D$60,2,FALSE) -> ICOF
...

Sheet clientes
C2: Cliente | D2: Grupo de Cliente
C3: AAK | D3: AAK DO BRASIL
C4: Acostagem | D4: ACOSTAGEM
C5: Adisseo | D5: ADISSEO
C6: Adisseo Caminhão | D6: ADISSEO
C7: ADM | D7: ADM
C8: Agropalma | D8: AGROPALMA
C9: Ares | D9: ARES MERCHANTS PTE LIMITE
C10: Art Petro | D10: ART PETRO
C11: Atem | D11: ATEM
C12: BR | D12: BR
C13: Braskem | D13: BRASKEM
... C60: YPF | D60: YPF SOCIEDAD ANONIMA

Sheet Mov - Orçada
A1: ANO | B1: MÊS | C1: Cliente | D1: PRODUTO | E1: GRUPO DE PRODUTOS | F1: Movimentação(TON) | G1: Grupo de Cliente
A2: 2021 | B2: Janeiro | C2: Adisseo | D2: ALIMET | E2: =VLOOKUP(D2,'[2]Lista de Produtos CLASSIFICAÇÃO'!$E$103:$F$114,2,FALSE) -> Outros | F2: 3000 | G2: =VLOOKUP(Tabela1[[#This Row],[Cliente]],clientes!$C$3:$D$60,2,FALSE) -> ADISSEO
A3: 2021 | B3: Janeiro | C3: Adisseo | D3: ALIMET | E3: =VLOOKUP(D3,'[2]Lista de Produtos CLASSIFICAÇÃO'!$E$103:$F$114,2,FALSE) -> Outros | G3: =VLOOKUP(Tabela1[[#This Row],[Cliente]],clientes!$C$3:$D$60,2,FALSE) -> ADISSEO
A4: 2021 | B4: Janeiro | C4: Adisseo Caminhão | D4: ALIMET | E4: =VLOOKUP(D4,'[2]Lista de Produtos CLASSIFICAÇÃO'!$E$103:$F$114,2,FALSE) -> Outros | F4: 150 | G4: =VLOOKUP(Tabela1[[#This Row],[Cliente]],clientes!$C$3:$D$60,2,FALSE) -> ADISSEO
A5: 2021 | B5: Janeiro | C5: ADM | D5: GLICERINA | E5: =VLOOKUP(D5,'[2]Lista de Produtos CLASSIFICAÇÃO'!$E$103:$F$114,2,FALSE) -> #N/A | F5: 350 | G5: =VLOOKUP(Tabela1[[#This Row],[Cliente]],clientes!$C$3:$D$60,2,FALSE) -> ADM
A6: 2021 | B6: Janeiro | C6: Ipiranga | D6: DIESEL/GASOLINA | E6: =VLOOKUP(D6,'[2]Lista de Produtos CLASSIFICAÇÃO'!$E$103:$F$114,2,FALSE) -> Derivados | F6: 113295 | G6: =VLOOKUP(Tabela1[[#This Row],[Cliente]],clientes!$C$3:$D$60,2,FALSE) -> IPIRANGA
A7: 2021 | B7: Janeiro | C7: BR | D7: DIESEL/GASOLINA | E7: =VLOOKUP(D7,'[2]Lista de Produtos CLASSIFICAÇÃO'!$E$103:$F$114,2,FALSE) -> Derivados | F7: 62582 | G7: =VLOOKUP(Tabela1[[#This Row],[Cliente]],clientes!$C$3:$D$60,2,FALSE) -> BR
A8: 2021 | B8: Janeiro | C8: Greenergy | D8: DIESEL/GASOLINA | E8: =VLOOKUP(D8,'[2]Lista de Produtos CLASSIFICAÇÃO'!$E$103:$F$114,2,FALSE) -> Derivados | F8: 18691 | G8: =VLOOKUP(Tabela1[[#This Row],[Cliente]],clientes!$C$3:$D$60,2,FALSE) -> GREENENERGY
A9: 2021 | B9: Janeiro | C9: Sul Plata | D9: DIESEL/GASOLINA | E9: =VLOOKUP(D9,'[2]Lista de Produtos CLASSIFICAÇÃO'!$E$103:$F$114,2,FALSE) -> Derivados | F9: 40338 | G9: =VLOOKUP(Tabela1[[#This Row],[Cliente]],clientes!$C$3:$D$60,2,FALSE) -> SUL PLATA
A10: 2021 | B10: Janeiro | C10: Sul Plata | D10: DIESEL/GASOLINA | E10: =VLOOKUP(D10,'[2]Lista de Produtos CLASSIFICAÇÃO'!$E$103:$F$114,2,FALSE) -> Derivados | G10: =VLOOKUP(Tabela1[[#This Row],[Cliente]],clientes!$C$3:$D$60,2,FALSE) -> SUL PLATA
A11: 2021 | B11: Janeiro | C11: JBS | D11: SODA CÁUSTICA | E11: =VLOOKUP(D11,'[2]Lista de Produtos CLASSIFICAÇÃO'!$E$103:$F$114,2,FALSE) -> Soda Caustica | F11: 2300 | G11: =VLOOKUP(Tabela1[[#This Row],[Cliente]],clientes!$C$3:$D$60,2,FALSE) -> JBS
A12: 2021 | B12: Janeiro | C12: Tricon | D12: SODA CÁUSTICA | E12: =VLOOKUP(D12,'[2]Lista de Produtos CLASSIFICAÇÃO'!$E$103:$F$114,2,FALSE) -> Soda Caustica | F12: 3200 | G12: =VLOOKUP(Tabela1[[#This Row],[Cliente]],clientes!$C$3:$D$60,2,FALSE) -> TRICON ENERGY
A13: 2021 | B13: Janeiro | C13: Novus | D13: ALIMET | E13: =VLOOKUP(D13,'[2]Lista de Produtos CLASSIFICAÇÃO'!$E$103:$F$114,2,FALSE) -> Outros | F13: 2000 | G13: =VLOOKUP(Tabela1[[#This Row],[Cliente]],clientes!$C$3:$D$60,2,FALSE) -> NOVUS
A14: 2021 | B14: Janeiro | C14: BRF | D14: AQUECIDOS | E14: =VLOOKUP(D14,'[2]Lista de Produtos CLASSIFICAÇÃO'!$E$103:$F$114,2,FALSE) -> Aquecidos | F14: 3000 | G14: =VLOOKUP(Tabela1[[#This Row],[Cliente]],clientes!$C$3:$D$60,2,FALSE) -> BRF
A15: 2021 | B15: Janeiro | C15: JBS | D15: AQUECIDOS | E15: =VLOOKUP(D15,'[2]Lista de Produtos CLASSIFICAÇÃO'!$E$103:$F$114,2,FALSE) -> Aquecidos | F15: 1300 | G15: =VLOOKUP(Tabela1[[#This Row],[Cliente]],clientes!$C$3:$D$60,2,FALSE) -> JBS
A16: 2021 | B16: Janeiro | C16: Cargill | D16: AQUECIDOS | E16: =VLOOKUP(D16,'[2]Lista de Produtos CLASSIFICAÇÃO'!$E$103:$F$114,2,FALSE) -> Aquecidos | F16: 3500 | G16: =VLOOKUP(Tabela1[[#This Row],[Cliente]],clientes!$C$3:$D$60,2,FALSE) -> CARGILL
A17: 2021 | B17: Janeiro | C17: Pool | D17: ÓLEO VEGETAL | E17: =VLOOKUP(D17,'[2]Lista de Produtos CLASSIFICAÇÃO'!$E$103:$F$114,2,FALSE) -> Óleo Vegetal | F17: 11500 | G17: =VLOOKUP(Tabela1[[#This Row],[Cliente]],clientes!$C$3:$D$60,2,FALSE) -> POOL
A18: 2021 | B18: Janeiro | C18: Pool Excedente | D18: ÓLEO VEGETAL | E18: =VLOOKUP(D18,'[2]Lista de Produtos CLASSIFICAÇÃO'!$E$103:$F$114,2,FALSE) -> Óleo Vegetal | G18: =VLOOKUP(Tabela1[[#This Row],[Cliente]],clientes!$C$3:$D$60,2,FALSE) -> POOL EXCEDENTE
A19: 2021 | B19: Janeiro | C19: Methanex | D19: METANOL | E19: =VLOOKUP(D19,'[2]Lista de Produtos CLASSIFICAÇÃO'!$E$103:$F$114,2,FALSE) -> Metanol | F19: 52000 | G19: =VLOOKUP(Tabela1[[#This Row],[Cliente]],clientes!$C$3:$D$60,2,FALSE) -> METHANEX
A20: 2021 | B20: Janeiro | C20: Mitsubishi | D20: METANOL | E20: =VLOOKUP(D20,'[2]Lista de Produtos CLASSIFICAÇÃO'!$E$103:$F$114,2,FALSE) -> Metanol | F20: 13000 | G20: =VLOOKUP(Tabela1[[#This Row],[Cliente]],clientes!$C$3:$D$60,2,FALSE) -> MITSUBISHI
A21: 2021 | B21: Janeiro | C21: SCC | D21: METANOL | E21: =VLOOKUP(D21,'[2]Lista de Produtos CLASSIFICAÇÃO'!$E$103:$F$114,2,FALSE) -> Metanol | F21: 20000 | G21: =VLOOKUP(Tabela1[[#This Row],[Cliente]],clientes!$C$3:$D$60,2,FALSE) -> SCC
A22: 2021 | B22: Janeiro | C22: SCC | D22: METANOL | E22: =VLOOKUP(D22,'[2]Lista de Produtos CLASSIFICAÇÃO'!$E$103:$F$114,2,FALSE) -> Metanol | G22: =VLOOKUP(Tabela1[[#This Row],[Cliente]],clientes!$C$3:$D$60,2,FALSE) -> SCC
A23: 2021 | B23: Janeiro | C23: Hinove | D23: FERTILIZANTE | E23: =VLOOKUP(D23,'[2]Lista de Produtos CLASSIFICAÇÃO'!$E$103:$F$114,2,FALSE) -> #N/A | G23: =VLOOKUP(Tabela1[[#This Row],[Cliente]],clientes!$C$3:$D$60,2,FALSE) -> HINOVE
A24: 2021 | B24: Janeiro | C24: Evonik | D24: METILATO | E24: =VLOOKUP(D24,'[2]Lista de Produtos CLASSIFICAÇÃO'!$E$103:$F$114,2,FALSE) -> Outros | F24: 1200 | G24: =VLOOKUP(Tabela1[[#This Row],[Cliente]],clientes!$C$3:$D$60,2,FALSE) -> EVONIK
A25: 2021 | B25: Janeiro | C25: YPF | D25: METANOL | E25: =VLOOKUP(D25,'[2]Lista de Produtos CLASSIFICAÇÃO'!$E$103:$F$114,2,FALSE) -> Metanol | G25: =VLOOKUP(Tabela1[[#This Row],[Cliente]],clientes!$C$3:$D$60,2,FALSE) -> YPF SOCIEDAD ANONIMA
A26: 2021 | B26: Janeiro | C26: GTM | D26: METILATO | E26: =VLOOKUP(D26,'[2]Lista de Produtos CLASSIFICAÇÃO'!$E$103:$F$114,2,FALSE) -> Outros | G26: =VLOOKUP(Tabela1[[#This Row],[Cliente]],clientes!$C$3:$D$60,2,FALSE) -> GTM
A27: 2021 | B27: Janeiro | C27: DRT | D27: TEREBINTINA | E27: =VLOOKUP(D27,'[2]Lista de Produtos CLASSIFICAÇÃO'!$E$103:$F$114,2,FALSE) -> #N/A | F27: 400 | G27: =VLOOKUP(Tabela1[[#This Row],[Cliente]],clientes!$C$3:$D$60,2,FALSE) -> DRT
A28: 2021 | B28: Janeiro | C28: Tereos/Inpasa/Glencore | D28: ÁLCOOL | E28: =VLOOKUP(D28,'[2]Lista de Produtos CLASSIFICAÇÃO'!$E$103:$F$114,2,FALSE) -> Biocombustíveis | G28: =VLOOKUP(Tabela1[[#This Row],[Cliente]],clientes!$C$3:$D$60,2,FALSE) -> TEREOS / INPASA / GLENCORE
A29: 2021 | B29: Janeiro | C29: Celena | D29: AQUECIDOS | E29: =VLOOKUP(D29,'[2]Lista de Produtos CLASSIFICAÇÃO'!$E$103:$F$114,2,FALSE) -> Aquecidos | F29: 3000 | G29: =VLOOKUP(Tabela1[[#This Row],[Cliente]],clientes!$C$3:$D$60,2,FALSE) -> CELENA
A30: 2021 | B30: Janeiro | C30: AAK | D30: AQUECIDOS | E30: =VLOOKUP(D30,'[2]Lista de Produtos CLASSIFICAÇÃO'!$E$103:$F$114,2,FALSE) -> Aquecidos | F30: 2000 | G30: =VLOOKUP(Tabela1[[#This Row],[Cliente]],clientes!$C$3:$D$60,2,FALSE) -> AAK DO BRASIL
A31: 2021 | B31: Janeiro | C31: Cargill | D31: ÓLEO VEGETAL | E31: =VLOOKUP(D31,'[2]Lista de Produtos CLASSIFICAÇÃO'!$E$103:$F$114,2,FALSE) -> Óleo Vegetal | F31: 5000 | G31: =VLOOKUP(Tabela1[[#This Row],[Cliente]],clientes!$C$3:$D$60,2,FALSE) -> CARGILL
A32: 2021 | B32: Janeiro | C32: Agropalma | D32: AQUECIDOS | E32: =VLOOKUP(D32,'[2]Lista de Produtos CLASSIFICAÇÃO'!$E$103:$F$114,2,FALSE) -> Aquecidos | F32: 3000 | G32: =VLOOKUP(Tabela1[[#This Row],[Cliente]],clientes!$C$3:$D$60,2,FALSE) -> AGROPALMA
A33: 2021 | B33: Janeiro | C33: Copape | D33: NAFTA | E33: =VLOOKUP(D33,'[2]Lista de Produtos CLASSIFICAÇÃO'!$E$103:$F$114,2,FALSE) -> #N/A | F33: 17500 | G33: =VLOOKUP(Tabela1[[#This Row],[Cliente]],clientes!$C$3:$D$60,2,FALSE) -> COPAPE
A34: 2021 | B34: Fevereiro | C34: Adisseo | D34: ALIMET | E34: =VLOOKUP(D34,'[2]Lista de Produtos CLASSIFICAÇÃO'!$E$103:$F$114,2,FALSE) -> Outros | F34: 3000 | G34: =VLOOKUP(Tabela1[[#This Row],[Cliente]],clientes!$C$3:$D$60,2,FALSE) -> ADISSEO
A35: 2021 | B35: Fevereiro | C35: Adisseo | D35: ALIMET | E35: =VLOOKUP(D35,'[2]Lista de Produtos CLASSIFICAÇÃO'!$E$103:$F$114,2,FALSE) -> Outros | G35: =VLOOKUP(Tabela1[[#This Row],[Cliente]],clientes!$C$3:$D$60,2,FALSE) -> ADISSEO
A36: 2021 | B36: Fevereiro | C36: Adisseo Caminhão | D36: ALIMET | E36: =VLOOKUP(D36,'[2]Lista de Produtos CLASSIFICAÇÃO'!$E$103:$F$114,2,FALSE) -> Outros | F36: 150 | G36: =VLOOKUP(Tabela1[[#This Row],[Cliente]],clientes!$C$3:$D$60,2,FALSE) -> ADISSEO
A37: 2021 | B37: Fevereiro | C37: ADM | D37: GLICERINA | E37: =VLOOKUP(D37,'[2]Lista de Produtos CLASSIFICAÇÃO'!$E$103:$F$114,2,FALSE) -> #N/A | F37: 350 | G37: =VLOOKUP(Tabela1[[#This Row],[Cliente]],clientes!$C$3:$D$60,2,FALSE) -> ADM
A38: 2021 | B38: Fevereiro | C38: Ipiranga | D38: DIESEL/GASOLINA | E38: =VLOOKUP(D38,'[2]Lista de Produtos CLASSIFICAÇÃO'!$E$103:$F$114,2,FALSE) -> Derivados | F38: 113295 | G38: =VLOOKUP(Tabela1[[#This Row],[Cliente]],clientes!$C$3:$D$60,2,FALSE) -> IPIRANGA
A39: 2021 | B39: Fevereiro | C39: BR | D39: DIESEL/GASOLINA | E39: =VLOOKUP(D39,'[2]Lista de Produtos CLASSIFICAÇÃO'!$E$103:$F$114,2,FALSE) -> Derivados | F39: 53950 | G39: =VLOOKUP(Tabela1[[#This Row],[Cliente]],clientes!$C$3:$D$60,2,FALSE) -> BR
A40: 2021 | B40: Fevereiro | C40: Greenergy | D40: DIESEL/GASOLINA | E40: =VLOOKUP(D40,'[2]Lista de Produtos CLASSIFICAÇÃO'!$E$103:$F$114,2,FALSE) -> Derivados | F40: 18691 | G40: =VLOOKUP(Tabela1[[#This Row],[Cliente]],clientes!$C$3:$D$60,2,FALSE) -> GREENENERGY
A41: 2021 | B41: Fevereiro | C41: Sul Plata | D41: DIESEL/GASOLINA | E41: =VLOOKUP(D41,'[2]Lista de Produtos CLASSIFICAÇÃO'!$E$103:$F$114,2,FALSE) -> Derivados | F41: 33615 | G41: =VLOOKUP(Tabela1[[#This Row],[Cliente]],clientes!$C$3:$D$60,2,FALSE) -> SUL PLATA
A42: 2021 | B42: Fevereiro | C42: Sul Plata | D42: DIESEL/GASOLINA | E42: =VLOOKUP(D42,'[2]Lista de Produtos CLASSIFICAÇÃO'!$E$103:$F$114,2,FALSE) -> Derivados | G42: =VLOOKUP(Tabela1[[#This Row],[Cliente]],clientes!$C$3:$D$60,2,FALSE) -> SUL PLATA
A43: 2021 | B43: Fevereiro | C43: JBS | D43: SODA CÁUSTICA | E43: =VLOOKUP(D43,'[2]Lista de Produtos CLASSIFICAÇÃO'!$E$103:$F$114,2,FALSE) -> Soda Caustica | F43: 2300 | G43: =VLOOKUP(Tabela1[[#This Row],[Cliente]],clientes!$C$3:$D$60,2,FALSE) -> JBS
A44: 2021 | B44: Fevereiro | C44: Tricon | D44: SODA CÁUSTICA | E44: =VLOOKUP(D44,'[2]Lista de Produtos CLASSIFICAÇÃO'!$E$103:$F$114,2,FALSE) -> Soda Caustica | F44: 3200 | G44: =VLOOKUP(Tabela1[[#This Row],[Cliente]],clientes!$C$3:$D$60,2,FALSE) -> TRICON ENERGY
A45: 2021 | B45: Fevereiro | C45: Novus | D45: ALIMET | E45: =VLOOKUP(D45,'[2]Lista de Produtos CLASSIFICAÇÃO'!$E$103:$F$114,2,FALSE) -> Outros | G45: =VLOOKUP(Tabela1[[#This Row],[Cliente]],clientes!$C$3:$D$60,2,FALSE) -> NOVUS
A46: 2021 | B46: Fevereiro | C46: BRF | D46: AQUECIDOS | E46: =VLOOKUP(D46,'[2]Lista de Produtos CLASSIFICAÇÃO'!$E$103:$F$114,2,FALSE) -> Aquecidos | F46: 3000 | G46: =VLOOKUP(Tabela1[[#This Row],[Cliente]],clientes!$C$3:$D$60,2,FALSE) -> BRF
A47: 2021 | B47: Fevereiro | C47: JBS | D47: AQUECIDOS | E47: =VLOOKUP(D47,'[2]Lista de Produtos CLASSIFICAÇÃO'!$E$103:$F$114,2,FALSE) -> Aquecidos | F47: 1300 | G47: =VLOOKUP(Tabela1[[#This Row],[Cliente]],clientes!$C$3:$D$60,2,FALSE) -> JBS
A48: 2021 | B48: Fevereiro | C48: Cargill | D48: AQUECIDOS | E48: =VLOOKUP(D48,'[2]Lista de Produtos CLASSIFICAÇÃO'!$E$103:$F$114,2,FALSE) -> Aquecidos | F48: 3500 | G48: =VLOOKUP(Tabela1[[#This Row],[Cliente]],clientes!$C$3:$D$60,2,FALSE) -> CARGILL
A49: 2021 | B49: Fevereiro | C49: Pool | D49: ÓLEO VEGETAL | E49: =VLOOKUP(D49,'[2]Lista de Produtos CLASSIFICAÇÃO'!$E$103:$F$114,2,FALSE) -> Óleo Vegetal | F49: 24710.556 | G49: =VLOOKUP(Tabela1[[#This Row],[Cliente]],clientes!$C$3:$D$60,2,FALSE) -> POOL
A50: 2021 | B50: Fevereiro | C50: Pool Excedente | D50: ÓLEO VEGETAL | E50: =VLOOKUP(D50,'[2]Lista de Produtos CLASSIFICAÇÃO'!$E$103:$F$114,2,FALSE) -> Óleo Vegetal | G50: =VLOOKUP(Tabela1[[#This Row],[Cliente]],clientes!$C$3:$D$60,2,FALSE) -> POOL EXCEDENTE
A51: 2021 | B51: Fevereiro | C51: Methanex | D51: METANOL | E51: =VLOOKUP(D51,'[2]Lista de Produtos CLASSIFICAÇÃO'!$E$103:$F$114,2,FALSE) -> Metanol | F51: 52000 | G51: =VLOOKUP(Tabela1[[#This Row],[Cliente]],clientes!$C$3:$D$60,2,FALSE) -> METHANEX
A52: 2021 | B52: Fevereiro | C52: Mitsubishi | D52: METANOL | E52: =VLOOKUP(D52,'[2]Lista de Produtos CLASSIFICAÇÃO'!$E$103:$F$114,2,FALSE) -> Metanol | F52: 13000 | G52: =VLOOKUP(Tabela1[[#This Row],[Cliente]],clientes!$C$3:$D$60,2,FALSE) -> MITSUBISHI
A53: 2021 | B53: Fevereiro | C53: SCC | D53: METANOL | E53: =VLOOKUP(D53,'[2]Lista de Produtos CLASSIFICAÇÃO'!$E$103:$F$114,2,FALSE) -> Metanol | F53: 20000 | G53: =VLOOKUP(Tabela1[[#This Row],[Cliente]],clientes!$C$3:$D$60,2,FALSE) -> SCC
A54: 2021 | B54: Fevereiro | C54: SCC | D54: METANOL | E54: =VLOOKUP(D54,'[2]Lista de Produtos CLASSIFICAÇÃO'!$E$103:$F$114,2,FALSE) -> Metanol | G54: =VLOOKUP(Tabela1[[#This Row],[Cliente]],clientes!$C$3:$D$60,2,FALSE) -> SCC
A55: 2021 | B55: Fevereiro | C55: Hinove | D55: FERTILIZANTE | E55: =VLOOKUP(D55,'[2]Lista de Produtos CLASSIFICAÇÃO'!$E$103:$F$114,2,FALSE) -> #N/A | G55: =VLOOKUP(Tabela1[[#This Row],[Cliente]],clientes!$C$3:$D$60,2,FALSE) -> HINOVE
A56: 2021 | B56: Fevereiro | C56: Evonik | D56: METILATO | E56: =VLOOKUP(D56,'[2]Lista de Produtos CLASSIFICAÇÃO'!$E$103:$F$114,2,FALSE) -> Outros | F56: 1200 | G56: =VLOOKUP(Tabela1[[#This Row],[Cliente]],clientes!$C$3:$D$60,2,FALSE) -> EVONIK
A57: 2021 | B57: Fevereiro | C57: YPF | D57: METANOL | E57: =VLOOKUP(D57,'[2]Lista de Produtos CLASSIFICAÇÃO'!$E$103:$F$114,2,FALSE) -> Metanol | G57: =VLOOKUP(Tabela1[[#This Row],[Cliente]],clientes!$C$3:$D$60,2,FALSE) -> YPF SOCIEDAD ANONIMA
A58: 2021 | B58: Fevereiro | C58: GTM | D58: METILATO | E58: =VLOOKUP(D58,'[2]Lista de Produtos CLASSIFICAÇÃO'!$E$103:$F$114,2,FALSE) -> Outros | F58: 1000 | G58: =VLOOKUP(Tabela1[[#This Row],[Cliente]],clientes!$C$3:$D$60,2,FALSE) -> GTM
A59: 2021 | B59: Fevereiro | C59: DRT | D59: TEREBINTINA | E59: =VLOOKUP(D59,'[2]Lista de Produtos CLASSIFICAÇÃO'!$E$103:$F$114,2,FALSE) -> #N/A | F59: 400 | G59: =VLOOKUP(Tabela1[[#This Row],[Cliente]],clientes!$C$3:$D$60,2,FALSE) -> DRT
A60: 2021 | B60: Fevereiro | C60: Tereos/Inpasa/Glencore | D60: ÁLCOOL | E60: =VLOOKUP(D60,'[2]Lista de Produtos CLASSIFICAÇÃO'!$E$103:$F$114,2,FALSE) -> Biocombustíveis | G60: =VLOOKUP(Tabela1[[#This Row],[Cliente]],clientes!$C$3:$D$60,2,FALSE) -> TEREOS / INPASA / GLENCORE
A61: 2021 | B61: Fevereiro | C61: Celena | D61: AQUECIDOS | E61: =VLOOKUP(D61,'[2]Lista de Produtos CLASSIFICAÇÃO'!$E$103:$F$114,2,FALSE) -> Aquecidos | F61: 3000 | G61: =VLOOKUP(Tabela1[[#This Row],[Cliente]],clientes!$C$3:$D$60,2,FALSE) -> CELENA
A62: 2021 | B62: Fevereiro | C62: AAK | D62: AQUECIDOS | E62: =VLOOKUP(D62,'[2]Lista de Produtos CLASSIFICAÇÃO'!$E$103:$F$114,2,FALSE) -> Aquecidos | F62: 2000 | G62: =VLOOKUP(Tabela1[[#This Row],[Cliente]],clientes!$C$3:$D$60,2,FALSE) -> AAK DO BRASIL
A63: 2021 | B63: Fevereiro | C63: Cargill | D63: ÓLEO VEGETAL | E63: =VLOOKUP(D63,'[2]Lista de Produtos CLASSIFICAÇÃO'!$E$103:$F$114,2,FALSE) -> Óleo Vegetal | G63: =VLOOKUP(Tabela1[[#This Row],[Cliente]],clientes!$C$3:$D$60,2,FALSE) -> CARGILL
A64: 2021 | B64: Fevereiro | C64: Agropalma | D64: AQUECIDOS | E64: =VLOOKUP(D64,'[2]Lista de Produtos CLASSIFICAÇÃO'!$E$103:$F$114,2,FALSE) -> Aquecidos | F64: 3000 | G64: =VLOOKUP(Tabela1[[#This Row],[Cliente]],clientes!$C$3:$D$60,2,FALSE) -> AGROPALMA
A65: 2021 | B65: Fevereiro | C65: Copape | D65: NAFTA | E65: =VLOOKUP(D65,'[2]Lista de Produtos CLASSIFICAÇÃO'!$E$103:$F$114,2,FALSE) -> #N/A | F65: 17500 | G65: =VLOOKUP(Tabela1[[#This Row],[Cliente]],clientes!$C$3:$D$60,2,FALSE) -> COPAPE
A66: 2021 | B66: Março | C66: Adisseo | D66: ALIMET | E66: =VLOOKUP(D66,'[2]Lista de Produtos CLASSIFICAÇÃO'!$E$103:$F$114,2,FALSE) -> Outros | F66: 3000 | G66: =VLOOKUP(Tabela1[[#This Row],[Cliente]],clientes!$C$3:$D$60,2,FALSE) -> ADISSEO
A67: 2021 | B67: Março | C67: Adisseo | D67: ALIMET | E67: =VLOOKUP(D67,'[2]Lista de Produtos CLASSIFICAÇÃO'!$E$103:$F$114,2,FALSE) -> Outros | G67: =VLOOKUP(Tabela1[[#This Row],[Cliente]],clientes!$C$3:$D$60,2,FALSE) -> ADISSEO
A68: 2021 | B68: Março | C68: Adisseo Caminhão | D68: ALIMET | E68: =VLOOKUP(D68,'[2]Lista de Produtos CLASSIFICAÇÃO'!$E$103:$F$114,2,FALSE) -> Outros | F68: 150 | G68: =VLOOKUP(Tabela1[[#This Row],[Cliente]],clientes!$C$3:$D$60,2,FALSE) -> ADISSEO
A69: 2021 | B69: Março | C69: ADM | D69: GLICERINA | E69: =VLOOKUP(D69,'[2]Lista de Produtos CLASSIFICAÇÃO'!$E$103:$F$114,2,FALSE) -> #N/A | F69: 350 | G69: =VLOOKUP(Tabela1[[#This Row],[Cliente]],clientes!$C$3:$D$60,2,FALSE) -> ADM
A70: 2021 | B70: Março | C70: Ipiranga | D70: DIESEL/GASOLINA | E70: =VLOOKUP(D70,'[2]Lista de Produtos CLASSIFICAÇÃO'!$E$103:$F$114,2,FALSE) -> Derivados | F70: 113295 | G70: =VLOOKUP(Tabela1[[#This Row],[Cliente]],clientes!$C$3:$D$60,2,FALSE) -> IPIRANGA
A71: 2021 | B71: Março | C71: BR | D71: DIESEL/GASOLINA | E71: =VLOOKUP(D71,'[2]Lista de Produtos CLASSIFICAÇÃO'!$E$103:$F$114,2,FALSE) -> Derivados | F71: 53950 | G71: =VLOOKUP(Tabela1[[#This Row],[Cliente]],clientes!$C$3:$D$60,2,FALSE) -> BR
A72: 2021 | B72: Março | C72: Greenergy | D72: DIESEL/GASOLINA | E72: =VLOOKUP(D72,'[2]Lista de Produtos CLASSIFICAÇÃO'!$E$103:$F$114,2,FALSE) -> Derivados | F72: 18691 | G72: =VLOOKUP(Tabela1[[#This Row],[Cliente]],clientes!$C$3:$D$60,2,FALSE) -> GREENENERGY
A73: 2021 | B73: Março | C73: Sul Plata | D73: DIESEL/GASOLINA | E73: =VLOOKUP(D73,'[2]Lista de Produtos CLASSIFICAÇÃO'!$E$103:$F$114,2,FALSE) -> Derivados | F73: 33615 | G73: =VLOOKUP(Tabela1[[#This Row],[Cliente]],clientes!$C$3:$D$60,2,FALSE) -> SUL PLATA
A74: 2021 | B74: Março | C74: Sul Plata | D74: DIESEL/GASOLINA | E74: =VLOOKUP(D74,'[2]Lista de Produtos CLASSIFICAÇÃO'!$E$103:$F$114,2,FALSE) -> Derivados | G74: =VLOOKUP(Tabela1[[#This Row],[Cliente]],clientes!$C$3:$D$60,2,FALSE) -> SUL PLATA
A75: 2021 | B75: Março | C75: JBS | D75: SODA CÁUSTICA | E75: =VLOOKUP(D75,'[2]Lista de Produtos CLASSIFICAÇÃO'!$E$103:$F$114,2,FALSE) -> Soda Caustica | F75: 2300 | G75: =VLOOKUP(Tabela1[[#This Row],[Cliente]],clientes!$C$3:$D$60,2,FALSE) -> JBS
A76: 2021 | B76: Março | C76: Tricon | D76: SODA CÁUSTICA | E76: =VLOOKUP(D76,'[2]Lista de Produtos CLASSIFICAÇÃO'!$E$103:$F$114,2,FALSE) -> Soda Caustica | F76: 3200 | G76: =VLOOKUP(Tabela1[[#This Row],[Cliente]],clientes!$C$3:$D$60,2,FALSE) -> TRICON ENERGY
A77: 2021 | B77: Março | C77: Novus | D77: ALIMET | E77: =VLOOKUP(D77,'[2]Lista de Produtos CLASSIFICAÇÃO'!$E$103:$F$114,2,FALSE) -> Outros | G77: =VLOOKUP(Tabela1[[#This Row],[Cliente]],clientes!$C$3:$D$60,2,FALSE) -> NOVUS
A78: 2021 | B78: Março | C78: BRF | D78: AQUECIDOS | E78: =VLOOKUP(D78,'[2]Lista de Produtos CLASSIFICAÇÃO'!$E$103:$F$114,2,FALSE) -> Aquecidos | F78: 3000 | G78: =VLOOKUP(Tabela1[[#This Row],[Cliente]],clientes!$C$3:$D$60,2,FALSE) -> BRF
A79: 2021 | B79: Março | C79: JBS | D79: AQUECIDOS | E79: =VLOOKUP(D79,'[2]Lista de Produtos CLASSIFICAÇÃO'!$E$103:$F$114,2,FALSE) -> Aquecidos | F79: 1300 | G79: =VLOOKUP(Tabela1[[#This Row],[Cliente]],clientes!$C$3:$D$60,2,FALSE) -> JBS
A80: 2021 | B80: Março | C80: Cargill | D80: AQUECIDOS | E80: =VLOOKUP(D80,'[2]Lista de Produtos CLASSIFICAÇÃO'!$E$103:$F$114,2,FALSE) -> Aquecidos | F80: 3500 | G80: =VLOOKUP(Tabela1[[#This Row],[Cliente]],clientes!$C$3:$D$60,2,FALSE) -> CARGILL
A81: 2021 | B81: Março | C81: Pool | D81: ÓLEO VEGETAL | E81: =VLOOKUP(D81,'[2]Lista de Produtos CLASSIFICAÇÃO'!$E$103:$F$114,2,FALSE) -> Óleo Vegetal | F81: 53583.192 | G81: =VLOOKUP(Tabela1[[#This Row],[Cliente]],clientes!$C$3:$D$60,2,FALSE) -> POOL
A82: 2021 | B82: Março | C82: Pool Excedente | D82: ÓLEO VEGETAL | E82: =VLOOKUP(D82,'[2]Lista de Produtos CLASSIFICAÇÃO'!$E$103:$F$114,2,FALSE) -> Óleo Vegetal | G82: =VLOOKUP(Tabela1[[#This Row],[Cliente]],clientes!$C$3:$D$60,2,FALSE) -> POOL EXCEDENTE
A83: 2021 | B83: Março | C83: Methanex | D83: METANOL | E83: =VLOOKUP(D83,'[2]Lista de Produtos CLASSIFICAÇÃO'!$E$103:$F$114,2,FALSE) -> Metanol | F83: 52000 | G83: =VLOOKUP(Tabela1[[#This Row],[Cliente]],clientes!$C$3:$D$60,2,FALSE) -> METHANEX
A84: 2021 | B84: Março | C84: Mitsubishi | D84: METANOL | E84: =VLOOKUP(D84,'[2]Lista de Produtos CLASSIFICAÇÃO'!$E$103:$F$114,2,FALSE) -> Metanol | F84: 13000 | G84: =VLOOKUP(Tabela1[[#This Row],[Cliente]],clientes!$C$3:$D$60,2,FALSE) -> MITSUBISHI
A85: 2021 | B85: Março | C85: SCC | D85: METANOL | E85: =VLOOKUP(D85,'[2]Lista de Produtos CLASSIFICAÇÃO'!$E$103:$F$114,2,FALSE) -> Metanol | F85: 20000 | G85: =VLOOKUP(Tabela1[[#This Row],[Cliente]],clientes!$C$3:$D$60,2,FALSE) -> SCC
A86: 2021 | B86: Março | C86: SCC | D86: METANOL | E86: =VLOOKUP(D86,'[2]Lista de Produtos CLASSIFICAÇÃO'!$E$103:$F$114,2,FALSE) -> Metanol | G86: =VLOOKUP(Tabela1[[#This Row],[Cliente]],clientes!$C$3:$D$60,2,FALSE) -> SCC
A87: 2021 | B87: Março | C87: Hinove | D87: FERTILIZANTE | E87: =VLOOKUP(D87,'[2]Lista de Produtos CLASSIFICAÇÃO'!$E$103:$F$114,2,FALSE) -> #N/A | F87: 5000 | G87: =VLOOKUP(Tabela1[[#This Row],[Cliente]],clientes!$C$3:$D$60,2,FALSE) -> HINOVE
A88: 2021 | B88: Março | C88: Evonik | D88: METILATO | E88: =VLOOKUP(D88,'[2]Lista de Produtos CLASSIFICAÇÃO'!$E$103:$F$114,2,FALSE) -> Outros | F88: 1200 | G88: =VLOOKUP(Tabela1[[#This Row],[Cliente]],clientes!$C$3:$D$60,2,FALSE) -> EVONIK
A89: 2021 | B89: Março | C89: YPF | D89: METANOL | E89: =VLOOKUP(D89,'[2]Lista de Produtos CLASSIFICAÇÃO'!$E$103:$F$114,2,FALSE) -> Metanol | F89: 5000 | G89: =VLOOKUP(Tabela1[[#This Row],[Cliente]],clientes!$C$3:$D$60,2,FALSE) -> YPF SOCIEDAD ANONIMA
A90: 2021 | B90: Março | C90: GTM | D90: METILATO | E90: =VLOOKUP(D90,'[2]Lista de Produtos CLASSIFICAÇÃO'!$E$103:$F$114,2,FALSE) -> Outros | G90: =VLOOKUP(Tabela1[[#This Row],[Cliente]],clientes!$C$3:$D$60,2,FALSE) -> GTM
A91: 2021 | B91: Março | C91: DRT | D91: TEREBINTINA | E91: =VLOOKUP(D91,'[2]Lista de Produtos CLASSIFICAÇÃO'!$E$103:$F$114,2,FALSE) -> #N/A | F91: 400 | G91: =VLOOKUP(Tabela1[[#This Row],[Cliente]],clientes!$C$3:$D$60,2,FALSE) -> DRT
A92: 2021 | B92: Março | C92: Tereos/Inpasa/Glencore | D92: ÁLCOOL | E92: =VLOOKUP(D92,'[2]Lista de Produtos CLASSIFICAÇÃO'!$E$103:$F$114,2,FALSE) -> Biocombustíveis | G92: =VLOOKUP(Tabela1[[#This Row],[Cliente]],clientes!$C$3:$D$60,2,FALSE) -> TEREOS / INPASA / GLENCORE
A93: 2021 | B93: Março | C93: Celena | D93: AQUECIDOS | E93: =VLOOKUP(D93,'[2]Lista de Produtos CLASSIFICAÇÃO'!$E$103:$F$114,2,FALSE) -> Aquecidos | F93: 3000 | G93: =VLOOKUP(Tabela1[[#This Row],[Cliente]],clientes!$C$3:$D$60,2,FALSE) -> CELENA
A94: 2021 | B94: Março | C94: AAK | D94: AQUECIDOS | E94: =VLOOKUP(D94,'[2]Lista de Produtos CLASSIFICAÇÃO'!$E$103:$F$114,2,FALSE) -> Aquecidos | F94: 2000 | G94: =VLOOKUP(Tabela1[[#This Row],[Cliente]],clientes!$C$3:$D$60,2,FALSE) -> AAK DO BRASIL
A95: 2021 | B95: Março | C95: Cargill | D95: ÓLEO VEGETAL | E95: =VLOOKUP(D95,'[2]Lista de Produtos CLASSIFICAÇÃO'!$E$103:$F$114,2,FALSE) -> Óleo Vegetal | F95: 5000 | G95: =VLOOKUP(Tabela1[[#This Row],[Cliente]],clientes!$C$3:$D$60,2,FALSE) -> CARGILL
A96: 2021 | B96: Março | C96: Agropalma | D96: AQUECIDOS | E96: =VLOOKUP(D96,'[2]Lista de Produtos CLASSIFICAÇÃO'!$E$103:$F$114,2,FALSE) -> Aquecidos | F96: 3000 | G96: =VLOOKUP(Tabela1[[#This Row],[Cliente]],clientes!$C$3:$D$60,2,FALSE) -> AGROPALMA
A97: 2021 | B97: Março | C97: Copape | D97: NAFTA | E97: =VLOOKUP(D97,'[2]Lista de Produtos CLASSIFICAÇÃO'!$E$103:$F$114,2,FALSE) -> #N/A | F97: 17500 | G97: =VLOOKUP(Tabela1[[#This Row],[Cliente]],clientes!$C$3:$D$60,2,FALSE) -> COPAPE
A98: 2021 | B98: Abril | C98: Adisseo | D98: ALIMET | E98: =VLOOKUP(D98,'[2]Lista de Produtos CLASSIFICAÇÃO'!$E$103:$F$114,2,FALSE) -> Outros | F98: 3000 | G98: =VLOOKUP(Tabela1[[#This Row],[Cliente]],clientes!$C$3:$D$60,2,FALSE) -> ADISSEO
A99: 2021 | B99: Abril | C99: Adisseo | D99: ALIMET | E99: =VLOOKUP(D99,'[2]Lista de Produtos CLASSIFICAÇÃO'!$E$103:$F$114,2,FALSE) -> Outros | F99: 500 | G99: =VLOOKUP(Tabela1[[#This Row],[Cliente]],clientes!$C$3:$D$60,2,FALSE) -> ADISSEO
A100: 2021 | B100: Abril | C100: Adisseo Caminhão | D100: ALIMET | E100: =VLOOKUP(D100,'[2]Lista de Produtos CLASSIFICAÇÃO'!$E$103:$F$114,2,FALSE) -> Outros | F100: 150 | G100: =VLOOKUP(Tabela1[[#This Row],[Cliente]],clientes!$C$3:$D$60,2,FALSE) -> ADISSEO
...

Sheet Projeção - Ton  Movimentação
A1: ID | B1: # | C1: CT | D1: Cliente | E1: Produto | F1: Column19 | G1: Ano | H1: Atributo | I1: Valor
A2: TRUE | B2: 2 | C2: CT-1 | D2: Adisseo | E2: ALIMET | G2: 2023 | H2: janeiro | I2: 3600
A3: TRUE | B3: 2 | C3: CT-1 | D3: Adisseo | E3: ALIMET | G3: 2023 | H3: fevereiro | I3: 3600
A4: TRUE | B4: 2 | C4: CT-1 | D4: Adisseo | E4: ALIMET | G4: 2023 | H4: março | I4: 3600
A5: TRUE | B5: 2 | C5: CT-1 | D5: Adisseo | E5: ALIMET | G5: 2023 | H5: abril | I5: 3600
A6: TRUE | B6: 2 | C6: CT-1 | D6: Adisseo | E6: ALIMET | G6: 2023 | H6: maio | I6: 3600
A7: TRUE | B7: 2 | C7: CT-1 | D7: Adisseo | E7: ALIMET | G7: 2023 | H7: junho | I7: 3600
A8: TRUE | B8: 2 | C8: CT-1 | D8: Adisseo | E8: ALIMET | G8: 2023 | H8: julho | I8: 3600
A9: TRUE | B9: 2 | C9: CT-1 | D9: Adisseo | E9: ALIMET | G9: 2023 | H9: agosto | I9: 3600
A10: TRUE | B10: 2 | C10: CT-1 | D10: Adisseo | E10: ALIMET | G10: 2023 | H10: setembro | I10: 3600
A11: TRUE | B11: 2 | C11: CT-1 | D11: Adisseo | E11: ALIMET | G11: 2023 | H11: outubro | I11: 3600
A12: TRUE | B12: 2 | C12: CT-1 | D12: Adisseo | E12: ALIMET | G12: 2023 | H12: novembro | I12: 3600
A13: TRUE | B13: 2 | C13: CT-1 | D13: Adisseo | E13: ALIMET | G13: 2023 | H13: dezembro | I13: 3600
... A338: TRUE | B338: 34 | C338: CT-3 | D338: Atem | E338: DIESEL/GASOLINA | G338: 2023 | H338: dezembro | I338: 8300

Sheet Orçado
A1: DadosExternos_1

Sheet TD - Produto
A1: MÊS | B1: (Tudo)
A3: Soma de Faturamento (R$) | B3: Rótulos de Coluna
A4: Rótulos de Linha | B4: 2021 | C4: 2022 | D4: 2023 | E4: 2024 | F4: 2025 | G4: Total Geral
A5: GLICERINA | B5: 932826 | G5: 932826
A6: DIETILENO GLICOL | D6: 2367244 | E6: 2307960 | G6: 4675204
A7: METANOL | B7: 161536389 | C7: 189582999 | D7: 175219572 | E7: 181064314 | F7: 234619440 | G7: 942022714
A8: BIODIESEL | D8: 3900600 | E8: 5613492 | F8: 5255628 | G8: 14769720
A9: NAFTA | B9: 17313708 | C9: 1678929 | G9: 18992637
A10: SODA CÁUSTICA | B10: 5237520 | C10: 26015351 | D10: 34832289 | E10: 33562581 | F10: 37155935 | G10: 136803676
A11: ALIMET | B11: 9801578 | C11: 8638296 | D11: 9175260 | E11: 10641720 | F11: 10541808 | G11: 48798662
A12: AQUECIDOS | B12: 27354182 | C12: 41955534 | D12: 46381911 | E12: 77518067 | F12: 86416555 | G12: 279626249
A13: ÓLEO VEGETAL | B13: 35232206 | C13: 61970966 | D13: 78090809 | E13: 75666050 | F13: 40390387 | G13: 291350418
A14: DIESEL/GASOLINA | B14: 177760406 | C14: 137369238 | D14: 180700776 | E14: 204583323 | F14: 206312808 | G14: 906726551
A15: METILATO | B15: 3668526 | C15: 4321383 | D15: 3567672 | E15: 4877400 | F15: 5279292 | G15: 21714273
A16: XILENO | E16: 1763992 | G16: 1763992
A17: ÁLCOOL | B17: 2100000 | C17: 3500000 | D17: 4500000 | E17: 10200000 | F17: 28741848 | G17: 49041848
A18: ACOSTAGEM | E18: 5489461.5 | F18: 5881124.5 | G18: 11370586
A19: Total Geral | B19: 440937341 | C19: 475032696 | D19: 538736133 | E19: 6.1328836e+08 | F19: 6.6059483e+08 | G19: 2.7285894e+09

Sheet TD - Grupo
A1: MÊS | B1: (Tudo)
A3: Soma de Faturamento (R$) | B3: Rótulos de Coluna
A4: Rótulos de Linha | B4: 2021 | C4: 2022 | D4: 2023 | E4: 2024 | F4: 2025 | G4: Total Geral
A5: Aquecidos | B5: 27354182 | C5: 41955534 | D5: 46381911 | E5: 77518067 | F5: 86416555 | G5: 279626249
A6: Biocombustíveis | B6: 2100000 | C6: 3500000 | D6: 8400600 | E6: 15813492 | F6: 33997476 | G6: 63811568
A7: Derivados | B7: 177760406 | C7: 137369238 | D7: 180700776 | E7: 204583323 | F7: 206312808 | G7: 906726551
A8: Metanol | B8: 161536389 | C8: 189582999 | D8: 175219572 | E8: 181064314 | F8: 234619440 | G8: 942022714
A9: Óleo Vegetal | B9: 35232206 | C9: 61970966 | D9: 78090809 | E9: 75666050 | F9: 40390387 | G9: 291350418
A10: Outros | B10: 13470104 | C10: 12959679 | D10: 15110176 | E10: 19591072 | F10: 15821100 | G10: 76952131
A11: Soda Caustica | B11: 5237520 | C11: 26015351 | D11: 34832289 | E11: 33562581 | F11: 37155935 | G11: 136803676
A12: Acostagem | E12: 5489461.5 | F12: 5881124.5 | G12: 11370586
A13: Total Geral | B13: 422690807 | C13: 473353767 | D13: 538736133 | E13: 6.1328836e+08 | F13: 6.6059483e+08 | G13: 2.7086639e+09

Sheet Projeção-Ocupação
A1: Ano | B1: Mês | C1: CT | D1: Cliente | E1: Grupo Cliente | F1: Produto | G1: GRUPO DE PRODUTO | H1: Vol_m3
A2: 2021 | B2: janeiro | C2: CT-2 | D2: AAK | E2: =VLOOKUP(D2,clientes!$C$3:$D$60,2,FALSE) -> AAK DO BRASIL | F2: AQUECIDOS | G2: =VLOOKUP(F2,'[2]Lista de Produtos CLASSIFICAÇÃO'!$E$103:$F$114,2,FALSE) -> Aquecidos | H2: 5555
A3: 2021 | B3: fevereiro | C3: CT-2 | D3: AAK | E3: =VLOOKUP(D3,clientes!$C$3:$D$60,2,FALSE) -> AAK DO BRASIL | F3: AQUECIDOS | G3: =VLOOKUP(F3,'[2]Lista de Produtos CLASSIFICAÇÃO'!$E$103:$F$114,2,FALSE) -> Aquecidos | H3: 5555
A4: 2021 | B4: março | C4: CT-2 | D4: AAK | E4: =VLOOKUP(D4,clientes!$C$3:$D$60,2,FALSE) -> AAK DO BRASIL | F4: AQUECIDOS | G4: =VLOOKUP(F4,'[2]Lista de Produtos CLASSIFICAÇÃO'!$E$103:$F$114,2,FALSE) -> Aquecidos | H4: 5555
A5: 2021 | B5: abril | C5: CT-2 | D5: AAK | E5: =VLOOKUP(D5,clientes!$C$3:$D$60,2,FALSE) -> AAK DO BRASIL | F5: AQUECIDOS | G5: =VLOOKUP(F5,'[2]Lista de Produtos CLASSIFICAÇÃO'!$E$103:$F$114,2,FALSE) -> Aquecidos | H5: 5555
A6: 2021 | B6: maio | C6: CT-2 | D6: AAK | E6: =VLOOKUP(D6,clientes!$C$3:$D$60,2,FALSE) -> AAK DO BRASIL | F6: AQUECIDOS | G6: =VLOOKUP(F6,'[2]Lista de Produtos CLASSIFICAÇÃO'!$E$103:$F$114,2,FALSE) -> Aquecidos | H6: 5555
A7: 2021 | B7: junho | C7: CT-2 | D7: AAK | E7: =VLOOKUP(D7,clientes!$C$3:$D$60,2,FALSE) -> AAK DO BRASIL | F7: AQUECIDOS | G7: =VLOOKUP(F7,'[2]Lista de Produtos CLASSIFICAÇÃO'!$E$103:$F$114,2,FALSE) -> Aquecidos | H7: 5555
A8: 2021 | B8: julho | C8: CT-2 | D8: AAK | E8: =VLOOKUP(D8,clientes!$C$3:$D$60,2,FALSE) -> AAK DO BRASIL | F8: AQUECIDOS | G8: =VLOOKUP(F8,'[2]Lista de Produtos CLASSIFICAÇÃO'!$E$103:$F$114,2,FALSE) -> Aquecidos | H8: 5555
A9: 2021 | B9: agosto | C9: CT-2 | D9: AAK | E9: =VLOOKUP(D9,clientes!$C$3:$D$60,2,FALSE) -> AAK DO BRASIL | F9: AQUECIDOS | G9: =VLOOKUP(F9,'[2]Lista de Produtos CLASSIFICAÇÃO'!$E$103:$F$114,2,FALSE) -> Aquecidos | H9: 5555
A10: 2021 | B10: setembro | C10: CT-2 | D10: AAK | E10: =VLOOKUP(D10,clientes!$C$3:$D$60,2,FALSE) -> AAK DO BRASIL | F10: AQUECIDOS | G10: =VLOOKUP(F10,'[2]Lista de Produtos CLASSIFICAÇÃO'!$E$103:$F$114,2,FALSE) -> Aquecidos | H10: 5555
A11: 2021 | B11: outubro | C11: CT-2 | D11: AAK | E11: =VLOOKUP(D11,clientes!$C$3:$D$60,2,FALSE) -> AAK DO BRASIL | F11: AQUECIDOS | G11: =VLOOKUP(F11,'[2]Lista de Produtos CLASSIFICAÇÃO'!$E$103:$F$114,2,FALSE) -> Aquecidos | H11: 5555
A12: 2021 | B12: novembro | C12: CT-2 | D12: AAK | E12: =VLOOKUP(D12,clientes!$C$3:$D$60,2,FALSE) -> AAK DO BRASIL | F12: AQUECIDOS | G12: =VLOOKUP(F12,'[2]Lista de Produtos CLASSIFICAÇÃO'!$E$103:$F$114,2,FALSE) -> Aquecidos | H12: 5555
A13: 2021 | B13: dezembro | C13: CT-2 | D13: AAK | E13: =VLOOKUP(D13,clientes!$C$3:$D$60,2,FALSE) -> AAK DO BRASIL | F13: AQUECIDOS | G13: =VLOOKUP(F13,'[2]Lista de Produtos CLASSIFICAÇÃO'!$E$103:$F$114,2,FALSE) -> Aquecidos | H13: 5555
... A1633: 2025 | B1633: dezembro | C1633: CT-1 | D1633: Acostagem | E1633: =VLOOKUP(D1633,clientes!$C$3:$D$60,2,FALSE) -> ACOSTAGEM | F1633: ACOSTAGEM | G1633: =VLOOKUP(F1633,'[2]Lista de Produtos CLASSIFICAÇÃO'!$E$103:$F$114,2,FALSE) -> Acostagem | H1633: 0
A1634: 2025 | B1634: janeiro | D1634: Adicione 0 Linha(s) | E1634: =VLOOKUP(D1634,clientes!$C$3:$D$60,2,FALSE) -> #N/A | F1634: TOTAL | G1634: =VLOOKUP(F1634,'[2]Lista de Produtos CLASSIFICAÇÃO'!$E$103:$F$114,2,FALSE) -> #N/A | H1634: 676919
A1635: 2025 | B1635: fevereiro | D1635: Adicione 0 Linha(s) | E1635: =VLOOKUP(D1635,clientes!$C$3:$D$60,2,FALSE) -> #N/A | F1635: TOTAL | G1635: =VLOOKUP(F1635,'[2]Lista de Produtos CLASSIFICAÇÃO'!$E$103:$F$114,2,FALSE) -> #N/A | H1635: 673633
A1636: 2025 | B1636: março | D1636: Adicione 0 Linha(s) | E1636: =VLOOKUP(D1636,clientes!$C$3:$D$60,2,FALSE) -> #N/A | F1636: TOTAL | G1636: =VLOOKUP(F1636,'[2]Lista de Produtos CLASSIFICAÇÃO'!$E$103:$F$114,2,FALSE) -> #N/A | H1636: 715654
A1637: 2025 | B1637: abril | D1637: Adicione 0 Linha(s) | E1637: =VLOOKUP(D1637,clientes!$C$3:$D$60,2,FALSE) -> #N/A | F1637: TOTAL | G1637: =VLOOKUP(F1637,'[2]Lista de Produtos CLASSIFICAÇÃO'!$E$103:$F$114,2,FALSE) -> #N/A | H1637: 691224
A1638: 2025 | B1638: maio | D1638: Adicione 0 Linha(s) | E1638: =VLOOKUP(D1638,clientes!$C$3:$D$60,2,FALSE) -> #N/A | F1638: TOTAL | G1638: =VLOOKUP(F1638,'[2]Lista de Produtos CLASSIFICAÇÃO'!$E$103:$F$114,2,FALSE) -> #N/A | H1638: 698729
A1639: 2025 | B1639: junho | D1639: Adicione 0 Linha(s) | E1639: =VLOOKUP(D1639,clientes!$C$3:$D$60,2,FALSE) -> #N/A | F1639: TOTAL | G1639: =VLOOKUP(F1639,'[2]Lista de Produtos CLASSIFICAÇÃO'!$E$103:$F$114,2,FALSE) -> #N/A | H1639: 703037
A1640: 2025 | B1640: julho | D1640: Adicione 0 Linha(s) | E1640: =VLOOKUP(D1640,clientes!$C$3:$D$60,2,FALSE) -> #N/A | F1640: TOTAL | G1640: =VLOOKUP(F1640,'[2]Lista de Produtos CLASSIFICAÇÃO'!$E$103:$F$114,2,FALSE) -> #N/A | H1640: 723980
A1641: 2025 | B1641: agosto | D1641: Adicione 0 Linha(s) | E1641: =VLOOKUP(D1641,clientes!$C$3:$D$60,2,FALSE) -> #N/A | F1641: TOTAL | G1641: =VLOOKUP(F1641,'[2]Lista de Produtos CLASSIFICAÇÃO'!$E$103:$F$114,2,FALSE) -> #N/A | H1641: 692084
A1642: 2025 | B1642: setembro | D1642: Adicione 0 Linha(s) | E1642: =VLOOKUP(D1642,clientes!$C$3:$D$60,2,FALSE) -> #N/A | F1642: TOTAL | G1642: =VLOOKUP(F1642,'[2]Lista de Produtos CLASSIFICAÇÃO'!$E$103:$F$114,2,FALSE) -> #N/A | H1642: 691270
A1643: 2025 | B1643: outubro | D1643: Adicione 0 Linha(s) | E1643: =VLOOKUP(D1643,clientes!$C$3:$D$60,2,FALSE) -> #N/A | F1643: TOTAL | G1643: =VLOOKUP(F1643,'[2]Lista de Produtos CLASSIFICAÇÃO'!$E$103:$F$114,2,FALSE) -> #N/A | H1643: 686837
A1644: 2025 | B1644: novembro | D1644: Adicione 0 Linha(s) | E1644: =VLOOKUP(D1644,clientes!$C$3:$D$60,2,FALSE) -> #N/A | F1644: TOTAL | G1644: =VLOOKUP(F1644,'[2]Lista de Produtos CLASSIFICAÇÃO'!$E$103:$F$114,2,FALSE) -> #N/A | H1644: 683647
A1645: 2025 | B1645: dezembro | D1645: Adicione 0 Linha(s) | E1645: =VLOOKUP(D1645,clientes!$C$3:$D$60,2,FALSE) -> #N/A | F1645: TOTAL | G1645: =VLOOKUP(F1645,'[2]Lista de Produtos CLASSIFICAÇÃO'!$E$103:$F$114,2,FALSE) -> #N/A | H1645: 672787
A1646: 2025 | B1646: janeiro | C1646: CT-1 | D1646: Adisseo | E1646: =VLOOKUP(D1646,clientes!$C$3:$D$60,2,FALSE) -> ADISSEO | F1646: ALIMET | G1646: =VLOOKUP(F1646,'[2]Lista de Produtos CLASSIFICAÇÃO'!$E$103:$F$114,2,FALSE) -> Outros | H1646: 8500
A1647: 2025 | B1647: fevereiro | C1647: CT-1 | D1647: Adisseo | E1647: =VLOOKUP(D1647,clientes!$C$3:$D$60,2,FALSE) -> ADISSEO | F1647: ALIMET | G1647: =VLOOKUP(F1647,'[2]Lista de Produtos CLASSIFICAÇÃO'!$E$103:$F$114,2,FALSE) -> Outros | H1647: 8500
A1648: 2025 | B1648: março | C1648: CT-1 | D1648: Adisseo | E1648: =VLOOKUP(D1648,clientes!$C$3:$D$60,2,FALSE) -> ADISSEO | F1648: ALIMET | G1648: =VLOOKUP(F1648,'[2]Lista de Produtos CLASSIFICAÇÃO'!$E$103:$F$114,2,FALSE) -> Outros | H1648: 8500
A1649: 2025 | B1649: abril | C1649: CT-1 | D1649: Adisseo | E1649: =VLOOKUP(D1649,clientes!$C$3:$D$60,2,FALSE) -> ADISSEO | F1649: ALIMET | G1649: =VLOOKUP(F1649,'[2]Lista de Produtos CLASSIFICAÇÃO'!$E$103:$F$114,2,FALSE) -> Outros | H1649: 8500
A1650: 2025 | B1650: maio | C1650: CT-1 | D1650: Adisseo | E1650: =VLOOKUP(D1650,clientes!$C$3:$D$60,2,FALSE) -> ADISSEO | F1650: ALIMET | G1650: =VLOOKUP(F1650,'[2]Lista de Produtos CLASSIFICAÇÃO'!$E$103:$F$114,2,FALSE) -> Outros | H1650: 8500
A1651: 2025 | B1651: junho | C1651: CT-1 | D1651: Adisseo | E1651: =VLOOKUP(D1651,clientes!$C$3:$D$60,2,FALSE) -> ADISSEO | F1651: ALIMET | G1651: =VLOOKUP(F1651,'[2]Lista de Produtos CLASSIFICAÇÃO'!$E$103:$F$114,2,FALSE) -> Outros | H1651: 8500
A1652: 2025 | B1652: julho | C1652: CT-1 | D1652: Adisseo | E1652: =VLOOKUP(D1652,clientes!$C$3:$D$60,2,FALSE) -> ADISSEO | F1652: ALIMET | G1652: =VLOOKUP(F1652,'[2]Lista de Produtos CLASSIFICAÇÃO'!$E$103:$F$114,2,FALSE) -> Outros | H1652: 8500
A1653: 2025 | B1653: agosto | C1653: CT-1 | D1653: Adisseo | E1653: =VLOOKUP(D1653,clientes!$C$3:$D$60,2,FALSE) -> ADISSEO | F1653: ALIMET | G1653: =VLOOKUP(F1653,'[2]Lista de Produtos CLASSIFICAÇÃO'!$E$103:$F$114,2,FALSE) -> Outros | H1653: 8500
A1654: 2025 | B1654: setembro | C1654: CT-1 | D1654: Adisseo | E1654: =VLOOKUP(D1654,clientes!$C$3:$D$60,2,FALSE) -> ADISSEO | F1654: ALIMET | G1654: =VLOOKUP(F1654,'[2]Lista de Produtos CLASSIFICAÇÃO'!$E$103:$F$114,2,FALSE) -> Outros | H1654: 8500
A1655: 2025 | B1655: outubro | C1655: CT-1 | D1655: Adisseo | E1655: =VLOOKUP(D1655,clientes!$C$3:$D$60,2,FALSE) -> ADISSEO | F1655: ALIMET | G1655: =VLOOKUP(F1655,'[2]Lista de Produtos CLASSIFICAÇÃO'!$E$103:$F$114,2,FALSE) -> Outros | H1655: 8500
A1656: 2025 | B1656: novembro | C1656: CT-1 | D1656: Adisseo | E1656: =VLOOKUP(D1656,clientes!$C$3:$D$60,2,FALSE) -> ADISSEO | F1656: ALIMET | G1656: =VLOOKUP(F1656,'[2]Lista de Produtos CLASSIFICAÇÃO'!$E$103:$F$114,2,FALSE) -> Outros | H1656: 8500
A1657: 2025 | B1657: dezembro | C1657: CT-1 | D1657: Adisseo | E1657: =VLOOKUP(D1657,clientes!$C$3:$D$60,2,FALSE) -> ADISSEO | F1657: ALIMET | G1657: =VLOOKUP(F1657,'[2]Lista de Produtos CLASSIFICAÇÃO'!$E$103:$F$114,2,FALSE) -> Outros | H1657: 8500
... A2391: 2026 | B2391: janeiro | C2391: CT-4C | D2391: Methanex | E2391: =VLOOKUP(D2391,clientes!$C$3:$D$60,2,FALSE) -> METHANEX | F2391: METANOL | G2391: =VLOOKUP(F2391,'[2]Lista de Produtos CLASSIFICAÇÃO'!$E$103:$F$114,2,FALSE) -> Metanol | H2391: 0
A2392: 2026 | B2392: fevereiro | C2392: CT-4 | D2392: Methanex | E2392: =VLOOKUP(D2392,clientes!$C$3:$D$60,2,FALSE) -> METHANEX | F2392: METANOL | G2392: =VLOOKUP(F2392,'[2]Lista de Produtos CLASSIFICAÇÃO'!$E$103:$F$114,2,FALSE) -> Metanol | H2392: 119500 | J2392: OCUPA | K2392: 478000 | M2392: =K2392/K2393 -> 1.4230694
A2393: 2026 | B2393: fevereiro | C2393: CT-4C | D2393: Methanex | E2393: =VLOOKUP(D2393,clientes!$C$3:$D$60,2,FALSE) -> METHANEX | F2393: METANOL | G2393: =VLOOKUP(F2393,'[2]Lista de Produtos CLASSIFICAÇÃO'!$E$103:$F$114,2,FALSE) -> Metanol | H2393: 0 | J2393: VOL MOV | K2393: 335893.67 | M2393: =M2392/4 -> 0.35576735
A2394: 2026 | B2394: março | C2394: CT-4 | D2394: Methanex | E2394: =VLOOKUP(D2394,clientes!$C$3:$D$60,2,FALSE) -> METHANEX | F2394: METANOL | G2394: =VLOOKUP(F2394,'[2]Lista de Produtos CLASSIFICAÇÃO'!$E$103:$F$114,2,FALSE) -> Metanol | H2394: 119500
A2395: 2026 | B2395: março | C2395: CT-4C | D2395: Methanex | E2395: =VLOOKUP(D2395,clientes!$C$3:$D$60,2,FALSE) -> METHANEX | F2395: METANOL | G2395: =VLOOKUP(F2395,'[2]Lista de Produtos CLASSIFICAÇÃO'!$E$103:$F$114,2,FALSE) -> Metanol | H2395: 0
A2396: 2026 | B2396: abril | C2396: CT-4 | D2396: Methanex | E2396: =VLOOKUP(D2396,clientes!$C$3:$D$60,2,FALSE) -> METHANEX | F2396: METANOL | G2396: =VLOOKUP(F2396,'[2]Lista de Produtos CLASSIFICAÇÃO'!$E$103:$F$114,2,FALSE) -> Metanol | H2396: 119500
A2397: 2026 | B2397: abril | C2397: CT-4C | D2397: Methanex | E2397: =VLOOKUP(D2397,clientes!$C$3:$D$60,2,FALSE) -> METHANEX | F2397: METANOL | G2397: =VLOOKUP(F2397,'[2]Lista de Produtos CLASSIFICAÇÃO'!$E$103:$F$114,2,FALSE) -> Metanol | H2397: 0
A2398: 2026 | B2398: maio | C2398: CT-4 | D2398: Methanex | E2398: =VLOOKUP(D2398,clientes!$C$3:$D$60,2,FALSE) -> METHANEX | F2398: METANOL | G2398: =VLOOKUP(F2398,'[2]Lista de Produtos CLASSIFICAÇÃO'!$E$103:$F$114,2,FALSE) -> Metanol | H2398: 109500
A2399: 2026 | B2399: maio | C2399: CT-4C | D2399: Methanex | E2399: =VLOOKUP(D2399,clientes!$C$3:$D$60,2,FALSE) -> METHANEX | F2399: METANOL | G2399: =VLOOKUP(F2399,'[2]Lista de Produtos CLASSIFICAÇÃO'!$E$103:$F$114,2,FALSE) -> Metanol | H2399: 35000
A2400: 2026 | B2400: junho | C2400: CT-4 | D2400: Methanex | E2400: =VLOOKUP(D2400,clientes!$C$3:$D$60,2,FALSE) -> METHANEX | F2400: METANOL | G2400: =VLOOKUP(F2400,'[2]Lista de Produtos CLASSIFICAÇÃO'!$E$103:$F$114,2,FALSE) -> Metanol | H2400: 109500
A2401: 2026 | B2401: junho | C2401: CT-4C | D2401: Methanex | E2401: =VLOOKUP(D2401,clientes!$C$3:$D$60,2,FALSE) -> METHANEX | F2401: METANOL | G2401: =VLOOKUP(F2401,'[2]Lista de Produtos CLASSIFICAÇÃO'!$E$103:$F$114,2,FALSE) -> Metanol | H2401: 35000
A2402: 2026 | B2402: julho | C2402: CT-4 | D2402: Methanex | E2402: =VLOOKUP(D2402,clientes!$C$3:$D$60,2,FALSE) -> METHANEX | F2402: METANOL | G2402: =VLOOKUP(F2402,'[2]Lista de Produtos CLASSIFICAÇÃO'!$E$103:$F$114,2,FALSE) -> Metanol | H2402: 109500
A2403: 2026 | B2403: julho | C2403: CT-4C | D2403: Methanex | E2403: =VLOOKUP(D2403,clientes!$C$3:$D$60,2,FALSE) -> METHANEX | F2403: METANOL | G2403: =VLOOKUP(F2403,'[2]Lista de Produtos CLASSIFICAÇÃO'!$E$103:$F$114,2,FALSE) -> Metanol | H2403: 35000
A2404: 2026 | B2404: agosto | C2404: CT-4 | D2404: Methanex | E2404: =VLOOKUP(D2404,clientes!$C$3:$D$60,2,FALSE) -> METHANEX | F2404: METANOL | G2404: =VLOOKUP(F2404,'[2]Lista de Produtos CLASSIFICAÇÃO'!$E$103:$F$114,2,FALSE) -> Metanol | H2404: 109500
A2405: 2026 | B2405: agosto | C2405: CT-4C | D2405: Methanex | E2405: =VLOOKUP(D2405,clientes!$C$3:$D$60,2,FALSE) -> METHANEX | F2405: METANOL | G2405: =VLOOKUP(F2405,'[2]Lista de Produtos CLASSIFICAÇÃO'!$E$103:$F$114,2,FALSE) -> Metanol | H2405: 35000 | K2405: 1634000
A2406: 2026 | B2406: setembro | C2406: CT-4 | D2406: Methanex | E2406: =VLOOKUP(D2406,clientes!$C$3:$D$60,2,FALSE) -> METHANEX | F2406: METANOL | G2406: =VLOOKUP(F2406,'[2]Lista de Produtos CLASSIFICAÇÃO'!$E$103:$F$114,2,FALSE) -> Metanol | H2406: 109500
A2407: 2026 | B2407: setembro | C2407: CT-4C | D2407: Methanex | E2407: =VLOOKUP(D2407,clientes!$C$3:$D$60,2,FALSE) -> METHANEX | F2407: METANOL | G2407: =VLOOKUP(F2407,'[2]Lista de Produtos CLASSIFICAÇÃO'!$E$103:$F$114,2,FALSE) -> Metanol | H2407: 35000
A2408: 2026 | B2408: outubro | C2408: CT-4 | D2408: Methanex | E2408: =VLOOKUP(D2408,clientes!$C$3:$D$60,2,FALSE) -> METHANEX | F2408: METANOL | G2408: =VLOOKUP(F2408,'[2]Lista de Produtos CLASSIFICAÇÃO'!$E$103:$F$114,2,FALSE) -> Metanol | H2408: 109500
A2409: 2026 | B2409: outubro | C2409: CT-4C | D2409: Methanex | E2409: =VLOOKUP(D2409,clientes!$C$3:$D$60,2,FALSE) -> METHANEX | F2409: METANOL | G2409: =VLOOKUP(F2409,'[2]Lista de Produtos CLASSIFICAÇÃO'!$E$103:$F$114,2,FALSE) -> Metanol | H2409: 35000
A2410: 2026 | B2410: novembro | C2410: CT-4 | D2410: Methanex | E2410: =VLOOKUP(D2410,clientes!$C$3:$D$60,2,FALSE) -> METHANEX | F2410: METANOL | G2410: =VLOOKUP(F2410,'[2]Lista de Produtos CLASSIFICAÇÃO'!$E$103:$F$114,2,FALSE) -> Metanol | H2410: 109500
A2411: 2026 | B2411: novembro | C2411: CT-4C | D2411: Methanex | E2411: =VLOOKUP(D2411,clientes!$C$3:$D$60,2,FALSE) -> METHANEX | F2411: METANOL | G2411: =VLOOKUP(F2411,'[2]Lista de Produtos CLASSIFICAÇÃO'!$E$103:$F$114,2,FALSE) -> Metanol | H2411: 35000
A2412: 2026 | B2412: dezembro | C2412: CT-4 | D2412: Methanex | E2412: =VLOOKUP(D2412,clientes!$C$3:$D$60,2,FALSE) -> METHANEX | F2412: METANOL | G2412: =VLOOKUP(F2412,'[2]Lista de Produtos CLASSIFICAÇÃO'!$E$103:$F$114,2,FALSE) -> Metanol | H2412: 109500
A2413: 2026 | B2413: dezembro | C2413: CT-4C | D2413: Methanex | E2413: =VLOOKUP(D2413,clientes!$C$3:$D$60,2,FALSE) -> METHANEX | F2413: METANOL | G2413: =VLOOKUP(F2413,'[2]Lista de Produtos CLASSIFICAÇÃO'!$E$103:$F$114,2,FALSE) -> Metanol | H2413: 35000
A2414: 2026 | B2414: janeiro | C2414: CT-4 | D2414: Mitsubishi | E2414: =VLOOKUP(D2414,clientes!$C$3:$D$60,2,FALSE) -> MITSUBISHI | F2414: METANOL | G2414: =VLOOKUP(F2414,'[2]Lista de Produtos CLASSIFICAÇÃO'!$E$103:$F$114,2,FALSE) -> Metanol | H2414: 60000
A2415: 2026 | B2415: fevereiro | C2415: CT-4 | D2415: Mitsubishi | E2415: =VLOOKUP(D2415,clientes!$C$3:$D$60,2,FALSE) -> MITSUBISHI | F2415: METANOL | G2415: =VLOOKUP(F2415,'[2]Lista de Produtos CLASSIFICAÇÃO'!$E$103:$F$114,2,FALSE) -> Metanol | H2415: 60000
A2416: 2026 | B2416: março | C2416: CT-4 | D2416: Mitsubishi | E2416: =VLOOKUP(D2416,clientes!$C$3:$D$60,2,FALSE) -> MITSUBISHI | F2416: METANOL | G2416: =VLOOKUP(F2416,'[2]Lista de Produtos CLASSIFICAÇÃO'!$E$103:$F$114,2,FALSE) -> Metanol | H2416: 60000
A2417: 2026 | B2417: abril | C2417: CT-4 | D2417: Mitsubishi | E2417: =VLOOKUP(D2417,clientes!$C$3:$D$60,2,FALSE) -> MITSUBISHI | F2417: METANOL | G2417: =VLOOKUP(F2417,'[2]Lista de Produtos CLASSIFICAÇÃO'!$E$103:$F$114,2,FALSE) -> Metanol | H2417: 60000
... A2426: 2026 | B2426: janeiro | C2426: CT-4B | D2426: OQ | E2426: =VLOOKUP(D2426,clientes!$C$3:$D$60,2,FALSE) -> OQ TRADING | F2426: METANOL | G2426: =VLOOKUP(F2426,'[2]Lista de Produtos CLASSIFICAÇÃO'!$E$103:$F$114,2,FALSE) -> Metanol | H2426: 20000
A2427: 2026 | B2427: janeiro | C2427: CT-4C | D2427: OQ | E2427: =VLOOKUP(D2427,clientes!$C$3:$D$60,2,FALSE) -> OQ TRADING | F2427: METANOL | G2427: =VLOOKUP(F2427,'[2]Lista de Produtos CLASSIFICAÇÃO'!$E$103:$F$114,2,FALSE) -> Metanol | H2427: 0 | K2427: 1166000
A2428: 2026 | B2428: fevereiro | C2428: CT-4B | D2428: OQ | E2428: =VLOOKUP(D2428,clientes!$C$3:$D$60,2,FALSE) -> OQ TRADING | F2428: METANOL | G2428: =VLOOKUP(F2428,'[2]Lista de Produtos CLASSIFICAÇÃO'!$E$103:$F$114,2,FALSE) -> Metanol | H2428: 20000 | K2428: 1272727
A2429: 2026 | B2429: fevereiro | C2429: CT-4C | D2429: OQ | E2429: =VLOOKUP(D2429,clientes!$C$3:$D$60,2,FALSE) -> OQ TRADING | F2429: METANOL | G2429: =VLOOKUP(F2429,'[2]Lista de Produtos CLASSIFICAÇÃO'!$E$103:$F$114,2,FALSE) -> Metanol | H2429: 0
A2430: 2026 | B2430: março | C2430: CT-4B | D2430: OQ | E2430: =VLOOKUP(D2430,clientes!$C$3:$D$60,2,FALSE) -> OQ TRADING | F2430: METANOL | G2430: =VLOOKUP(F2430,'[2]Lista de Produtos CLASSIFICAÇÃO'!$E$103:$F$114,2,FALSE) -> Metanol | H2430: 20000
A2431: 2026 | B2431: março | C2431: CT-4C | D2431: OQ | E2431: =VLOOKUP(D2431,clientes!$C$3:$D$60,2,FALSE) -> OQ TRADING | F2431: METANOL | G2431: =VLOOKUP(F2431,'[2]Lista de Produtos CLASSIFICAÇÃO'!$E$103:$F$114,2,FALSE) -> Metanol | H2431: 0
A2432: 2026 | B2432: abril | C2432: CT-4B | D2432: OQ | E2432: =VLOOKUP(D2432,clientes!$C$3:$D$60,2,FALSE) -> OQ TRADING | F2432: METANOL | G2432: =VLOOKUP(F2432,'[2]Lista de Produtos CLASSIFICAÇÃO'!$E$103:$F$114,2,FALSE) -> Metanol | H2432: 20000
A2433: 2026 | B2433: abril | C2433: CT-4C | D2433: OQ | E2433: =VLOOKUP(D2433,clientes!$C$3:$D$60,2,FALSE) -> OQ TRADING | F2433: METANOL | G2433: =VLOOKUP(F2433,'[2]Lista de Produtos CLASSIFICAÇÃO'!$E$103:$F$114,2,FALSE) -> Metanol | H2433: 0
A2434: 2026 | B2434: maio | C2434: CT-4B | D2434: OQ | E2434: =VLOOKUP(D2434,clientes!$C$3:$D$60,2,FALSE) -> OQ TRADING | F2434: METANOL | G2434: =VLOOKUP(F2434,'[2]Lista de Produtos CLASSIFICAÇÃO'!$E$103:$F$114,2,FALSE) -> Metanol | H2434: 13670
A2435: 2026 | B2435: maio | C2435: CT-4C | D2435: OQ | E2435: =VLOOKUP(D2435,clientes!$C$3:$D$60,2,FALSE) -> OQ TRADING | F2435: METANOL | G2435: =VLOOKUP(F2435,'[2]Lista de Produtos CLASSIFICAÇÃO'!$E$103:$F$114,2,FALSE) -> Metanol | H2435: 6330
A2436: 2026 | B2436: junho | C2436: CT-4B | D2436: OQ | E2436: =VLOOKUP(D2436,clientes!$C$3:$D$60,2,FALSE) -> OQ TRADING | F2436: METANOL | G2436: =VLOOKUP(F2436,'[2]Lista de Produtos CLASSIFICAÇÃO'!$E$103:$F$114,2,FALSE) -> Metanol | H2436: 13670
A2437: 2026 | B2437: junho | C2437: CT-4C | D2437: OQ | E2437: =VLOOKUP(D2437,clientes!$C$3:$D$60,2,FALSE) -> OQ TRADING | F2437: METANOL | G2437: =VLOOKUP(F2437,'[2]Lista de Produtos CLASSIFICAÇÃO'!$E$103:$F$114,2,FALSE) -> Metanol | H2437: 6330
A2438: 2026 | B2438: julho | C2438: CT-4B | D2438: OQ | E2438: =VLOOKUP(D2438,clientes!$C$3:$D$60,2,FALSE) -> OQ TRADING | F2438: METANOL | G2438: =VLOOKUP(F2438,'[2]Lista de Produtos CLASSIFICAÇÃO'!$E$103:$F$114,2,FALSE) -> Metanol | H2438: 13670
A2439: 2026 | B2439: julho | C2439: CT-4C | D2439: OQ | E2439: =VLOOKUP(D2439,clientes!$C$3:$D$60,2,FALSE) -> OQ TRADING | F2439: METANOL | G2439: =VLOOKUP(F2439,'[2]Lista de Produtos CLASSIFICAÇÃO'!$E$103:$F$114,2,FALSE) -> Metanol | H2439: 6330
A2440: 2026 | B2440: agosto | C2440: CT-4B | D2440: OQ | E2440: =VLOOKUP(D2440,clientes!$C$3:$D$60,2,FALSE) -> OQ TRADING | F2440: METANOL | G2440: =VLOOKUP(F2440,'[2]Lista de Produtos CLASSIFICAÇÃO'!$E$103:$F$114,2,FALSE) -> Metanol | H2440: 13670
... A2605: 2026 | B2605: dezembro | C2605: CT-4C | D2605: Vibra | E2605: =VLOOKUP(D2605,clientes!$C$3:$D$60,2,FALSE) -> VIBRA | F2605: DIESEL/GASOLINA | G2605: =VLOOKUP(F2605,'[2]Lista de Produtos CLASSIFICAÇÃO'!$E$103:$F$114,2,FALSE) -> Derivados | H2605: 20000

Sheet Projeção - Vol. Movimentação
A1: ANO | B1: MÊS | C1: Cliente | D1: PRODUTO | E1: GRUPO DE PRODUTOS | F1: Grupo de Cliente | G1: Movimentação(m³)
A2: 2026 | B2: Janeiro | C2: AAK | D2: AQUECIDOS | E2: =VLOOKUP(D2,'[2]Lista de Produtos CLASSIFICAÇÃO'!$E$103:$F$114,2,FALSE) -> Aquecidos | F2: =VLOOKUP(C2,clientes!$C$3:$D$60,2,FALSE) -> AAK DO BRASIL | G2: 4372.2222
A3: 2026 | B3: Janeiro | C3: ADM | D3: ÓLEO VEGETAL | E3: =VLOOKUP(D3,'[2]Lista de Produtos CLASSIFICAÇÃO'!$E$103:$F$114,2,FALSE) -> Óleo Vegetal | F3: =VLOOKUP(C3,clientes!$C$3:$D$60,2,FALSE) -> ADM | G3: 2826.087
A4: 2026 | B4: Janeiro | C4: Acostagem | D4: ACOSTAGEM | E4: =VLOOKUP(D4,'[2]Lista de Produtos CLASSIFICAÇÃO'!$E$103:$F$114,2,FALSE) -> Acostagem | F4: =VLOOKUP(C4,clientes!$C$3:$D$60,2,FALSE) -> ACOSTAGEM | G4: 0
A5: 2026 | B5: Janeiro | C5: Adisseo | D5: ALIMET | E5: =VLOOKUP(D5,'[2]Lista de Produtos CLASSIFICAÇÃO'!$E$103:$F$114,2,FALSE) -> Outros | F5: =VLOOKUP(C5,clientes!$C$3:$D$60,2,FALSE) -> ADISSEO | G5: 3461.5385
A6: 2026 | B6: Janeiro | C6: Ares | D6: AQUECIDOS | E6: =VLOOKUP(D6,'[2]Lista de Produtos CLASSIFICAÇÃO'!$E$103:$F$114,2,FALSE) -> Aquecidos | F6: =VLOOKUP(C6,clientes!$C$3:$D$60,2,FALSE) -> ARES MERCHANTS PTE LIMITE | G6: 3476.6667
A7: 2026 | B7: Janeiro | C7: Art Petro | D7: DIESEL/GASOLINA | E7: =VLOOKUP(D7,'[2]Lista de Produtos CLASSIFICAÇÃO'!$E$103:$F$114,2,FALSE) -> Derivados | F7: =VLOOKUP(C7,clientes!$C$3:$D$60,2,FALSE) -> ART PETRO | G7: 0
A8: 2026 | B8: Janeiro | C8: BRF | D8: AQUECIDOS | E8: =VLOOKUP(D8,'[2]Lista de Produtos CLASSIFICAÇÃO'!$E$103:$F$114,2,FALSE) -> Aquecidos | F8: =VLOOKUP(C8,clientes!$C$3:$D$60,2,FALSE) -> BRF | G8: 3526.6667
A9: 2026 | B9: Janeiro | C9: BSBIOS | D9: BIODIESEL | E9: =VLOOKUP(D9,'[2]Lista de Produtos CLASSIFICAÇÃO'!$E$103:$F$114,2,FALSE) -> Biocombustíveis | F9: =VLOOKUP(C9,clientes!$C$3:$D$60,2,FALSE) -> BSBIOS | G9: 6356.9767
A10: 2026 | B10: Janeiro | C10: BSC | D10: SODA CÁUSTICA | E10: =VLOOKUP(D10,'[2]Lista de Produtos CLASSIFICAÇÃO'!$E$103:$F$114,2,FALSE) -> Soda Caustica | F10: =VLOOKUP(C10,clientes!$C$3:$D$60,2,FALSE) -> BSC QUIMICA | G10: 1786.6667
A11: 2026 | B11: Janeiro | C11: Brenntag | D11: SODA CÁUSTICA | E11: =VLOOKUP(D11,'[2]Lista de Produtos CLASSIFICAÇÃO'!$E$103:$F$114,2,FALSE) -> Soda Caustica | F11: =VLOOKUP(C11,clientes!$C$3:$D$60,2,FALSE) -> BRENNTAG | G11: 1020
A12: 2026 | B12: Janeiro | C12: Bunge | D12: AQUECIDOS | E12: =VLOOKUP(D12,'[2]Lista de Produtos CLASSIFICAÇÃO'!$E$103:$F$114,2,FALSE) -> Aquecidos | F12: =VLOOKUP(C12,clientes!$C$3:$D$60,2,FALSE) -> BUNGE | G12: 2111.1111
A13: 2026 | B13: Janeiro | C13: Cargill | D13: AQUECIDOS | E13: =VLOOKUP(D13,'[2]Lista de Produtos CLASSIFICAÇÃO'!$E$103:$F$114,2,FALSE) -> Aquecidos | F13: =VLOOKUP(C13,clientes!$C$3:$D$60,2,FALSE) -> CARGILL | G13: 1035.5556
... A125: 2026 | B125: Março | C125: Methanex | D125: METANOL | E125: =VLOOKUP(D125,'[2]Lista de Produtos CLASSIFICAÇÃO'!$E$103:$F$114,2,FALSE) -> Metanol | F125: =VLOOKUP(C125,clientes!$C$3:$D$60,2,FALSE) -> METHANEX | G125: 83973.418
A126: 2026 | B126: Março | C126: Methanex | D126: METANOL | E126: =VLOOKUP(D126,'[2]Lista de Produtos CLASSIFICAÇÃO'!$E$103:$F$114,2,FALSE) -> Metanol | F126: =VLOOKUP(C126,clientes!$C$3:$D$60,2,FALSE) -> METHANEX | G126: 0 | L126: 1139383.5
A127: 2026 | B127: Março | C127: Mitsubishi | D127: METANOL | E127: =VLOOKUP(D127,'[2]Lista de Produtos CLASSIFICAÇÃO'!$E$103:$F$114,2,FALSE) -> Metanol | F127: =VLOOKUP(C127,clientes!$C$3:$D$60,2,FALSE) -> MITSUBISHI | G127: 12239.241
A128: 2026 | B128: Março | C128: OQ | D128: METANOL | E128: =VLOOKUP(D128,'[2]Lista de Produtos CLASSIFICAÇÃO'!$E$103:$F$114,2,FALSE) -> Metanol | F128: =VLOOKUP(C128,clientes!$C$3:$D$60,2,FALSE) -> OQ TRADING | G128: 21518.987
A129: 2026 | B129: Março | C129: OQ | D129: METANOL | E129: =VLOOKUP(D129,'[2]Lista de Produtos CLASSIFICAÇÃO'!$E$103:$F$114,2,FALSE) -> Metanol | F129: =VLOOKUP(C129,clientes!$C$3:$D$60,2,FALSE) -> OQ TRADING | G129: 0
A130: 2026 | B130: Março | C130: Olin | D130: SODA CÁUSTICA | E130: =VLOOKUP(D130,'[2]Lista de Produtos CLASSIFICAÇÃO'!$E$103:$F$114,2,FALSE) -> Soda Caustica | F130: =VLOOKUP(C130,clientes!$C$3:$D$60,2,FALSE) -> OLIN BLUE CUBE | G130: 15088.667
A131: 2026 | B131: Março | C131: Pool | D131: ÓLEO VEGETAL | E131: =VLOOKUP(D131,'[2]Lista de Produtos CLASSIFICAÇÃO'!$E$103:$F$114,2,FALSE) -> Óleo Vegetal | F131: =VLOOKUP(C131,clientes!$C$3:$D$60,2,FALSE) -> POOL | G131: 126305.02
A132: 2026 | B132: Março | C132: Pool Excedente | D132: ÓLEO VEGETAL | E132: =VLOOKUP(D132,'[2]Lista de Produtos CLASSIFICAÇÃO'!$E$103:$F$114,2,FALSE) -> Óleo Vegetal | F132: =VLOOKUP(C132,clientes!$C$3:$D$60,2,FALSE) -> POOL EXCEDENTE | G132: 652.17391
A133: 2026 | B133: Março | C133: Prisma | D133: BIODIESEL | E133: =VLOOKUP(D133,'[2]Lista de Produtos CLASSIFICAÇÃO'!$E$103:$F$114,2,FALSE) -> Biocombustíveis | F133: =VLOOKUP(C133,clientes!$C$3:$D$60,2,FALSE) -> PRISMA | G133: 5137.2093
A134: 2026 | B134: Março | C134: Raizen | D134: DIESEL/GASOLINA | E134: =VLOOKUP(D134,'[2]Lista de Produtos CLASSIFICAÇÃO'!$E$103:$F$114,2,FALSE) -> Derivados | F134: =VLOOKUP(C134,clientes!$C$3:$D$60,2,FALSE) -> RAIZEN | G134: 45000
A135: 2026 | B135: Março | C135: Rodoil | D135: DIESEL/GASOLINA | E135: =VLOOKUP(D135,'[2]Lista de Produtos CLASSIFICAÇÃO'!$E$103:$F$114,2,FALSE) -> Derivados | F135: =VLOOKUP(C135,clientes!$C$3:$D$60,2,FALSE) -> RODOOIL DISTRIBUIDORA | G135: 0
A136: 2026 | B136: Março | C136: Royal Fic | D136: DIESEL/GASOLINA | E136: =VLOOKUP(D136,'[2]Lista de Produtos CLASSIFICAÇÃO'!$E$103:$F$114,2,FALSE) -> Derivados | F136: =VLOOKUP(C136,clientes!$C$3:$D$60,2,FALSE) -> ROYAL FIC | G136: 0
A137: 2026 | B137: Março | C137: Sul Plata | D137: DIESEL/GASOLINA | E137: =VLOOKUP(D137,'[2]Lista de Produtos CLASSIFICAÇÃO'!$E$103:$F$114,2,FALSE) -> Derivados | F137: =VLOOKUP(C137,clientes!$C$3:$D$60,2,FALSE) -> SUL PLATA | G137: 36000
A138: 2026 | B138: Março | C138: Taurus | D138: DIESEL/GASOLINA | E138: =VLOOKUP(D138,'[2]Lista de Produtos CLASSIFICAÇÃO'!$E$103:$F$114,2,FALSE) -> Derivados | F138: =VLOOKUP(C138,clientes!$C$3:$D$60,2,FALSE) -> TAURUS | G138: 0
... A565: 2026 | B565: Dezembro | C565: Vibra | D565: DIESEL/GASOLINA | E565: =VLOOKUP(D565,'[2]Lista de Produtos CLASSIFICAÇÃO'!$E$103:$F$114,2,FALSE) -> Derivados | F565: =VLOOKUP(C565,clientes!$C$3:$D$60,2,FALSE) -> VIBRA | G565: 18000

Sheet Planilha4
C3: PRODUTO | D3: EXERCÍCIO
D4: 2020 | E4: 2021 | F4: 2022 | G4: 2023 | H4: 2024 | I4: 2025
C5: ÓLEO DE SOJA | D5: 669685 | E5: 706097 | F5: 1083725 | G5: 1107020 | H5: 479838 | I5: 717541
C6: ÓLEO DE ALGODÃO | D6: 0 | E6: 0 | F6: 0 | G6: 2999 | H6: 0 | I6: 0
C7: ÓLEO DE GIRASSOL | D7: 0 | E7: 14006 | F7: 0 | G7: 0 | H7: 0 | I7: 0
C8: ÓLEO DE MILHO | D8: 2008 | E8: 6002 | F8: 14804 | G8: 19059 | H8: 33836 | I8: 58582
C9: ÓLEO DE CANOLA | D9: 0 | E9: 0 | F9: 1502 | G9: 0 | H9: 0 | I9: 0
C10: ÓLEO DE PALMA | D10: 13704 | E10: 93503 | F10: 75065 | G10: 89057 | H10: 130147 | I10: 112895
C11: OLEINA DE PALMA/PALMISTE | D11: 0 | E11: 1497 | F11: 4491 | G11: 497 | H11: 4979 | I11: 7492
C12: ÓLEO DE PALMISTE | D12: 26405 | E12: 49600 | F12: 62486 | G12: 88713 | H12: 80307 | I12: 80541
C13: ESTEARINA PALMA/PALMISTE | D13: 1919 | E13: 19289 | F13: 16726 | G13: 26179 | H13: 34177 | I13: 31994
C14: GLICERINA | D14: 11302 | E14: 1859 | F14: 5104 | G14: 0 | H14: 0 | I14: 0
C15: VEGETAIS | D15: 725024 | E15: 891855 | F15: 1263902 | G15: 1333524 | H15: 763285 | I15: 1009045
C16: DIETILENO GLICOL | D16: 0 | E16: 0 | F16: 2191 | G16: 2590 | H16: 1830 | I16: 0
... C39: % | D39: 0.147 | E39: 0.1469 | F39: 0.1655 | G39: 0.1939 | H39: 0.1717 | I39: 0.175
C40: ACUMULADO | D40: 19222613

Sheet Planilha5
C3: PRODUTO | D3: EXERCÍCIO
D4: 2020 | E4: 2021 | F4: 2022 | G4: 2023 | H4: 2024 | I4: 2025
C5: ÓLEO DE SOJA | D5: 692195 | E5: 784442 | F5: 1218106 | G5: 1201469 | H5: 520920 | I5: 764541
C6: ÓLEO DE ALGODÃO | D6: 0 | E6: 0 | F6: 0 | G6: 2999 | H6: 0 | I6: 0
C7: ÓLEO DE GIRASSOL | D7: 1994 | E7: 15996 | F7: 0 | G7: 0 | H7: 0 | I7: 0
C8: ÓLEO DE MILHO | D8: 2008 | E8: 6002 | F8: 14804 | G8: 23590 | H8: 37836 | I8: 70009
C9: ÓLEO DE CANOLA | D9: 0 | E9: 0 | F9: 1502 | G9: 0 | H9: 0 | I9: 0
C10: ÓLEO DE PALMA | D10: 13704 | E10: 97496 | F10: 92583 | G10: 94233 | H10: 137262 | I10: 115987
C11: OLEINA DE PALMA/PALMISTE | D11: 0 | E11: 1497 | F11: 4989 | G11: 497 | H11: 4979 | I11: 8988
C12: ÓLEO DE PALMISTE | D12: 26405 | E12: 51583 | F12: 78089 | G12: 100750 | H12: 84550 | I12: 86035
C13: ESTEARINA PALMA/PALMISTE | D13: 1919 | E13: 19289 | F13: 19491 | G13: 27483 | H13: 34824 | I13: 34068
C14: GLICERINA | D14: 12891 | E14: 1859 | F14: 5104 | G14: 0 | H14: 0 | I14: 0
C15: VEGETAIS | D15: 751118 | E15: 978166 | F15: 1434667 | G15: 1451021 | H15: 820371 | I15: 1079628
C16: DIETILENO GLICOL | D16: 0 | E16: 0 | F16: 3674 | G16: 2590 | H16: 1830 | I16: 0
... C39: % | D39: 0.1495 | E39: 0.1478 | F39: 0.1716 | G39: 0.1901 | H39: 0.1704 | I39: 0.1706
C40: ACUMULADO | D40: 21762307

Sheet Diferença
C3: PRODUTO | D3: EXERCÍCIO
D4: 2020 | E4: 2021 | F4: 2022 | G4: 2023 | H4: 2024 | I4: 2025
C5: ÓLEO DE SOJA | D5: 22510 | E5: 78345 | F5: 134381 | G5: 94449 | H5: 41082 | I5: 47000
C6: ÓLEO DE ALGODÃO | D6: 0 | E6: 0 | F6: 0 | G6: 0 | H6: 0 | I6: 0
C7: ÓLEO DE GIRASSOL | D7: 1994 | E7: 1990 | F7: 0 | G7: 0 | H7: 0 | I7: 0
C8: ÓLEO DE MILHO | D8: 0 | E8: 0 | F8: 0 | G8: 4531 | H8: 4000 | I8: 11427
C9: ÓLEO DE CANOLA | D9: 0 | E9: 0 | F9: 0 | G9: 0 | H9: 0 | I9: 0
C10: ÓLEO DE PALMA | D10: 0 | E10: 3993 | F10: 17518 | G10: 5176 | H10: 7115 | I10: 3092
C11: OLEINA DE PALMA/PALMISTE | D11: 0 | E11: 0 | F11: 498 | G11: 0 | H11: 0 | I11: 1496
C12: ÓLEO DE PALMISTE | D12: 0 | E12: 1983 | F12: 15603 | G12: 12037 | H12: 4243 | I12: 5494
C13: ESTEARINA PALMA/PALMISTE | D13: 0 | E13: 0 | F13: 2765 | G13: 1304 | H13: 647 | I13: 2074
C14: GLICERINA | D14: 1589 | E14: 0 | F14: 0 | G14: 0 | H14: 0 | I14: 0
C15: DIETILENO GLICOL | D15: 0 | E15: 0 | F15: 1483 | G15: 0 | H15: 0 | I15: 0
C16: SEBO BOVINO | D16: 4995 | E16: 0 | F16: 0 | G16: 10312 | H16: 4035 | I16: 0
... C32: SODA CÁUSTICA | D32: 7657 | E32: 13932 | F32: 32826 | G32: 9925 | H32: 36749 | I32: 27558
